DBNOs,assists,boosts,damageDealt,deathType,headshotKills,heals,killPlace,killStreaks,kills,longestKill,name,playerId,revives,rideDistance,roadKills,swimDistance,teamKills,timeSurvived,vehicleDestroys,walkDistance,weaponsAcquired,winPlace
0,1,4,31.48182,byplayer,0,4,67,0,0,0.0,Guiac666,account.92a4a5b5915b40c6890628421206418f,0,363.43845,0,0.0,0,1056,0,93.0758,10,6
3,0,4,342.914,byplayer,0,2,17,2,2,7.31805,Dark-King091,account.e4b8370672ca4b0ab19ddd91c4d90b84,0,0.0,0,0.0,1,448,0,576.23236,11,14
0,0,0,0.0,byplayer,0,0,118,0,0,0.0,LibraSgr_7io,account.d422b11b1b854305955d28c8a554dc0a,0,0.0,0,0.0,0,86,0,0.0,1,28
2,0,0,158.20001,byplayer,0,4,22,1,2,6.5569854,P_laod,account.bb0a200540824c1d8dc4a7a6266198c5,0,0.0,0,0.0,0,188,0,89.71667,3,25
0,1,0,29.4,byplayer,0,1,91,0,0,0.0,liangeaichangge,account.f24c84c7d9214f09968daa56fec44a80,0,0.0,0,0.0,0,201,0,219.4264,4,19
1,0,0,100.0,byplayer,0,0,81,0,0,0.0,LYG--yang,account.d726c2fa0cd44296a8d5f82baa62e465,1,0.0,0,0.0,0,343,0,438.4723,3,16
0,0,0,0.0,byplayer,0,0,76,0,0,0.0,AcidOrange_R,account.3fb032552b144cd6a28a182f8735ff28,0,518.56604,0,0.0,0,359,0,453.79712,11,12
0,0,0,0.0,byplayer,0,0,114,0,0,0.0,oukBkgm-03,account.d1d0940a29da49bfaaf5b55b737f4e27,0,0.0,0,0.0,0,146,0,150.37636,3,27
1,0,1,75.4,byplayer,0,0,103,0,0,0.0,xsh-zzy,account.7ca2ff090f4b43899f157d137f95c493,0,0.0,0,0.0,0,225,0,181.01292,2,23
0,0,0,0.0,byplayer,0,0,73,0,0,0.0,NN-ZDM,account.90c62d53527844c2a966d2819cca3db7,0,0.0,0,0.0,0,119,0,27.102272,1,11
1,1,2,158.12598,byplayer,0,1,98,0,0,0.0,she1leycake,account.97ca74d87b4d4d1a9b4586cce978f0d7,0,0.0,0,0.0,0,248,0,141.80003,4,21
0,0,0,0.0,byplayer,0,0,94,0,0,0.0,fxxk_98,account.80aa0f20b7c5498ab2420329990cc7df,0,0.0,0,0.0,0,283,0,307.4772,6,20
0,0,0,79.0,byplayer,0,2,33,1,1,46.57523,xxxxiawan,account.6187e9a8676942fd9c12b01197fd6aef,0,0.0,0,0.0,0,448,0,636.9165,7,14
0,0,5,0.0,byplayer,0,1,70,0,0,0.0,988a-_-,account.f65148c6b9d14322b23716d53a9370b5,0,6288.5566,0,0.0,0,965,0,1053.648,12,9
2,0,3,285.3085,byplayer,1,0,29,1,1,123.60446,LBJ_CAVS1,account.fb866f29aac148e7807f51f90d3859f9,0,1651.7566,0,0.0,0,1270,0,891.74335,9,5
0,0,0,0.0,byplayer,0,0,79,0,0,0.0,Conor-777,account.4343e1ffef204d83b6816033780c8294,0,0.0,0,0.0,0,88,0,25.405651,0,13
0,1,0,52.56216,byplayer,0,0,113,0,0,0.0,lm_hi,account.80514abdc9c848f4a3c0b1a493a0afeb,0,0.0,0,0.0,0,127,0,54.53986,2,26
0,0,0,31.680002,byplayer,0,1,109,0,0,0.0,gxt931228,account.e88a572d997a4889a49967348874790f,0,0.0,0,0.0,0,192,0,131.5618,3,25
5,1,6,603.60944,byplayer,2,2,4,2,6,66.72469,RL-RiMei_1,account.6c258ea02a2345b589d4d97ab9b69394,1,1771.6333,0,0.0,0,1422,0,1341.09,9,4
0,1,2,41.8,byplayer,0,0,72,0,0,0.0,Vip88888_,account.e1269bee5f1e4ae4970c3b08b7169755,0,0.0,0,0.0,0,189,0,54.699295,2,11
1,0,0,73.6,byplayer,1,0,37,1,1,1.7163599,AING_SecurityXD,account.a543e18e099e4aeab87625be08148eb1,1,0.0,0,0.0,0,237,0,195.97993,4,21
0,0,0,0.0,byplayer,0,0,89,0,0,0.0,l7iz,account.b50439903a9d4858ba057207e602f031,0,0.0,0,0.0,0,285,0,282.12634,6,18
2,2,8,234.59718,byzone,1,8,12,1,2,93.15722,illlilllllill,account.2ffb9ebb71644e8dad01132ff419fcb5,3,1015.258,0,0.0,0,1455,0,901.1437,19,3
0,0,0,0.0,byplayer,0,0,93,0,0,0.0,fuxksimeone,account.88591f6059f54dcbbd33278c9c8de0da,0,0.0,0,0.0,0,283,0,130.12053,3,20
0,0,0,57.4,byplayer,0,0,117,0,0,0.0,Losai-,account.e956d4fb708640678f484ca33d179201,0,0.0,0,0.0,0,88,0,7.0407953,1,28
0,0,0,0.0,byplayer,0,0,110,0,0,0.0,xiangxi_1024,account.f7b7eaaba32b4be8828583b11a235dac,0,0.0,0,0.0,0,182,0,80.93801,4,25
6,1,6,793.1054,byplayer,0,11,3,2,7,112.78349,xinsu1_,account.2cbc7fb523c347d3b4d23ba0b61b64f2,5,0.0,0,0.0,0,1144,0,124.48751,12,6
1,0,1,175.0,byplayer,2,0,9,2,3,55.755245,Aatrox-Lzy,account.c87e6dd3afe84c539667a639b19c6f22,0,0.0,0,0.0,0,249,0,427.1281,4,14
0,0,1,0.0,byplayer,0,0,75,0,0,0.0,bobo__0422,account.cd14e28ac01046b3be95dd192b212611,0,793.8055,0,0.0,0,365,0,253.1866,6,12
2,3,1,115.27122,byplayer,0,0,31,1,1,14.532705,Mohaipangzi,account.96685d684c534daeb1fd4dc6f383c64b,0,3373.8843,0,0.0,0,702,0,1098.4528,13,11
0,0,0,0.0,byplayer,0,0,92,0,0,0.0,eueb,account.6691ad77c708464c8e511a8e938992d3,0,0.0,0,0.0,0,178,0,147.59557,6,19
0,0,2,130.8,byplayer,0,6,80,0,0,0.0,18jin-Hao,account.bcf9d355bf124f4f8d7b283954945d65,0,0.0,0,0.0,0,372,0,396.3213,6,16
4,1,3,292.06726,byplayer,1,3,8,2,3,43.403812,xywwu79092,account.75297ad9472c473f81ef14d83402e5db,1,6181.101,0,0.0,1,929,0,960.93866,12,9
2,0,6,73.85641,suicide,0,3,30,1,1,0.0,c571666,account.ffdf31dd382745bd945ba14b76b7a9c5,0,9656.282,0,0.0,0,1035,1,755.7999,9,8
0,0,0,0.0,byplayer,0,0,108,0,0,0.0,b1ey0uyu,account.f9b542de7449414f9e2538b8fb185527,0,0.0,0,0.0,0,198,0,239.81815,6,25
0,1,3,45.627167,byplayer,0,0,77,0,0,0.0,lsd7czzk34,account.1d07c49bd34f4dd894180702cb762194,0,0.0,0,0.0,0,497,0,740.6793,4,13
0,0,0,51.43399,byplayer,0,3,111,0,0,0.0,liangshuying95,account.19ddbda18a9b441581befab5c17d851b,0,0.0,0,0.0,0,187,0,41.260796,2,26
0,0,11,67.203964,byplayer,0,3,69,0,0,0.0,xiaojuhua__,account.cf5e396777b24a8a8b59653679622608,0,7414.4434,0,0.0,0,1031,1,1046.3895,10,8
1,1,3,366.75858,byplayer,0,4,26,1,1,324.61304,AnBB-_,account.8425f5158b384dcd85a04cf3f272f5c5,0,0.0,0,0.0,0,1433,0,532.40936,10,2
1,0,0,160.16692,byplayer,0,0,105,0,0,0.0,95DETIANKONG,account.0a61aa1d4c4143c395439ee724391ea4,0,0.0,0,0.0,0,133,0,19.788221,2,23
5,1,9,936.98285,byplayer,4,2,2,3,7,142.82654,MarTha_Yoke,account.dd0c055012de45bbb3856757ddafe2b0,0,1764.678,0,0.0,0,1340,0,1358.6428,18,4
4,1,7,364.46042,alive,2,7,5,1,4,37.988224,Ez031231,account.fa1b0afab52e46769af9330aea24724c,2,136.26987,0,61.863384,0,1548,0,836.1699,9,1
2,0,0,200.0,byplayer,0,0,23,1,2,15.6453905,Z_wait_LY_-,account.789f87b4111a4068b7befa553f306f7a,0,0.0,0,0.0,0,132,0,86.86339,2,28
0,0,0,0.0,byzone,0,0,71,0,0,0.0,China___biubiu-,account.c9813fc06fb04c91856d0bc6b1095801,0,0.0,0,0.0,0,782,0,713.1061,0,10
0,0,1,0.0,byplayer,0,1,74,0,0,0.0,dulanggou,account.0e2b05b600f04c45aa20cf8a34716d4e,0,0.0,0,0.0,0,555,0,992.08545,6,12
0,0,0,75.24,byplayer,0,0,87,0,0,0.0,HYiKing,account.a2ab55ac7624462c8535f8dafd79ca83,0,0.0,0,0.0,0,311,0,375.97156,7,18
0,0,0,52.158653,byplayer,0,0,115,0,0,0.0,Ais_GeAicaoBi-,account.808c179c05424de6aaf35d1c0aefd6f3,0,152.3831,0,0.0,0,146,0,99.8832,4,27
0,1,0,47.3,byplayer,0,0,106,0,0,0.0,Call_me_BaoZz,account.4313aa2182274c80a9abf3225b74e281,0,0.0,0,0.0,0,106,0,48.838013,3,24
0,1,5,150.45,byzone,0,11,66,0,0,0.0,kong_aim,account.27ac56d5380c4cf1a3715c0058cba912,1,0.0,0,0.0,0,1176,0,458.5876,8,6
2,0,2,463.1941,byplayer,1,0,6,1,4,60.843582,Amoo6,account.3350ce2bac7c42b3900b7807045fa6f1,0,0.0,0,0.0,0,497,0,635.6583,8,13
0,0,0,50.858433,byplayer,0,0,88,0,0,0.0,Torpido_5016,account.de167a9614d94b95aeb7604349dc3bc0,0,0.0,0,0.0,0,311,0,334.40714,6,18
6,2,3,827.0037,alive,4,6,1,2,8,120.58047,Cyik_,account.5b8308f9652440a09f9e28f4b1c32f91,1,1520.9117,0,0.0,0,1548,0,1008.4949,23,1
0,1,7,339.75137,byplayer,0,4,63,0,0,0.0,Magicstickooooo,account.bfd1570591cb4704bab4390a79ec195b,0,443.44727,0,19.572525,0,1343,0,695.41406,11,5
2,0,0,147.43784,byplayer,0,0,41,1,1,5.410681,Jinminator,account.7fa925c863af4dd8bd253db879187c1f,0,0.0,0,0.0,0,160,0,61.485943,4,26
1,2,3,52.690002,byplayer,0,10,27,1,1,33.98959,Life_KIN,account.36262d984b414ca2994dddd3c3709301,2,1320.8857,0,0.0,0,1186,0,349.28363,6,3
1,0,2,83.0,byplayer,1,1,25,1,1,71.88077,Ck_yiqing,account.f1a8d1f35f7a4c11af03cbae6370de23,1,0.0,0,0.0,0,1284,0,92.48008,18,1
2,0,6,409.0969,byplayer,1,6,7,2,3,26.05896,ayn2v5ml986,account.efd5f2a55e0141cebcf1847feea2e536,0,7347.41,0,0.0,0,965,3,1082.4725,12,8
1,0,0,100.0,byplayer,0,0,39,1,1,8.001705,Clanxin,account.a537cf72bd484bebb96a1744fb5cc9fa,0,0.0,0,0.0,0,120,0,22.614641,1,24
1,0,4,100.0,byzone,0,1,28,1,1,37.24432,njyyy5,account.edd31c57c57c4ed0bfbde66ff0d32e14,0,1755.7122,0,0.0,0,1435,0,1931.4386,6,4
2,2,5,326.54382,byplayer,0,1,13,2,2,51.384453,BedsidePT,account.451f483605d94685b1f0a07f0a4addbc,2,456.45206,0,0.0,0,1230,0,503.35,13,3
1,1,0,93.4577,byplayer,0,0,82,0,0,0.0,Jason-YXL,account.bb4e4b034e5b4856b48e5f779ab81dd7,0,0.0,0,0.0,0,206,0,62.496704,1,16
0,0,2,0.0,byplayer,0,0,40,1,1,7.072582,Mercedes-Ben-C,account.f9f64945b39f42b1ab12b55c84aa7c60,0,0.0,0,0.0,0,198,0,199.73917,2,25
0,0,4,0.0,suicide,0,17,68,0,0,0.0,QingNianRen-,account.ae4efed6a6224b2ebb6c0efa6949b966,0,9025.569,0,0.0,0,1167,1,868.6255,10,7
0,0,0,18.0,byplayer,0,0,107,0,0,0.0,3s_YuChuan,account.0356c85d6a474c4aae85b782aded97ec,0,0.0,0,0.0,0,82,0,0.0,0,24
0,0,0,0.0,byplayer,0,0,100,0,0,0.0,KINGZKW,account.00eb7dcbdcc343b59380024c8d1281cb,0,0.0,0,0.0,0,191,0,199.23393,1,22
0,0,2,0.0,byplayer,0,0,97,0,0,0.0,H4NEW,account.19b75253946e4291aa624f2933e1bdec,0,0.0,0,0.0,0,266,0,259.8905,3,21
1,0,0,100.0,byplayer,0,9,83,0,0,0.0,1-KNIGHT-1,account.013e8a1bae7a41298137e773b3a84b81,2,0.0,0,0.0,0,342,0,295.4717,3,17
0,0,6,183.6441,byplayer,0,5,65,0,0,0.0,ThinkER8,account.8329b807adb8480abef23e5b51be41ca,0,451.6501,0,16.38918,0,1299,0,553.8487,12,5
2,0,0,203.83826,byplayer,0,0,16,1,2,46.629066,Your_Loved,account.666de6efeb624aba83c98b16cfd6ca60,0,0.0,0,0.0,0,121,0,19.61116,1,13
0,1,9,258.74887,byplayer,0,27,24,1,1,2.2999237,Duo_Ge__,account.d9d8b5918d5c462b9f6409bb74e68e75,1,0.0,0,0.0,0,1396,0,270.34024,14,1
0,0,1,0.0,byplayer,0,4,95,0,0,0.0,demurry1,account.a98c59fca5df47ff95c1d0cd2065611b,0,0.0,0,0.0,0,283,0,461.20685,9,20
1,1,1,250.92,byplayer,1,1,34,1,1,94.53955,13199,account.7df3e30ffa084a888d5910fbe46acf0f,1,0.0,0,0.0,0,435,0,851.4549,6,14
1,0,0,74.958275,byplayer,0,0,116,0,0,0.0,MeiyiTian1oveyou,account.353808140281464ba9cd70ba1df31840,0,0.0,0,0.0,0,100,0,42.491745,1,28
0,0,0,0.0,byplayer,0,0,90,0,0,0.0,MdlyxnDaixiu,account.e6387bf9da164970ab0590360451a91e,0,0.0,0,0.0,0,281,0,296.45013,6,18
0,0,0,24.0,byplayer,0,0,96,0,0,0.0,Segw0n,account.a4fd410630b542e3b8ab9912b1ee2b16,0,0.0,0,0.0,0,228,0,84.15465,3,20
0,0,0,0.0,byplayer,0,0,101,0,0,0.0,74g95yizkb,account.de431eb7230b4fb4926882673515ff8b,0,0.0,0,0.0,0,92,0,2.084929,0,22
0,1,2,207.87946,byplayer,0,2,62,0,0,0.0,04l7_,account.1eb9cab8f8954024b52e498f2b8a3e47,1,1152.1047,0,0.0,0,1465,0,3014.9617,15,2
8,2,7,883.1731,byplayer,1,1,10,1,2,230.03406,CTN_J1NG,account.a93e05aa7ea840fc8c16dc07daf6a6f4,1,1552.2612,0,0.0,0,1545,0,2210.7659,11,2
0,0,0,0.0,byplayer,0,0,78,0,0,0.0,ID735404760,account.efef35e176ab456e9796ef1d508a0863,0,530.90125,0,0.0,0,464,0,417.028,6,13
2,0,0,200.0,byplayer,0,0,20,2,2,15.110172,goodbang9__,account.95a0924d47ed443fa7635a0b6e0c0ee3,0,0.0,0,0.0,0,139,0,41.76147,3,21
4,0,2,400.00003,byplayer,1,1,32,1,1,85.04162,Mr_Chen_xiaoyu,account.a1edfaeb6b3140cf850cf91e4834bc63,0,0.0,0,0.0,0,634,0,1727.7734,7,11
0,0,2,0.0,byplayer,0,5,84,0,0,0.0,SSS456SSS,account.8536510275ef4323b60ad8c1ec16f7cb,1,0.0,0,0.0,0,337,0,293.83408,8,17
3,0,2,242.08302,byplayer,2,3,11,1,2,399.56238,immcayy,account.9cc9cdcf03244da49d18460793b2d946,2,1163.3572,0,0.0,0,1448,0,1440.4075,8,2
0,0,1,153.47,byplayer,0,0,36,1,1,12.047799,Pwwwwwwwwwwwwww-,account.28cec721754b45d49cef6d411182c8aa,0,0.0,0,0.0,0,257,0,249.09659,4,19
2,0,0,208.97285,byplayer,1,1,18,1,2,44.726578,KunShan-xxx,account.22b51c24619844318ceb77dd51708f0a,0,0.0,0,0.0,0,393,0,411.82556,7,15
4,0,1,421.08838,byplayer,1,1,19,2,2,35.931305,zzhou998814,account.2532551679d54ea085c7b70b87a12f19,0,0.0,0,0.0,0,307,0,342.4748,7,19
0,0,9,157.54442,byplayer,0,1,64,0,0,0.0,LostWolfHL,account.80e6996a0fe845748de9e69591a27139,0,734.95795,0,9.601374,0,1305,1,634.035,9,5
0,0,0,144.25557,byplayer,1,1,21,1,2,28.95322,DouYu_otot,account.96ec214aeb174d80a019c00bfa4c4a0e,0,0.0,0,0.0,0,201,0,103.77465,3,24
0,0,0,71.8064,byplayer,0,0,99,0,0,0.0,ZHANAN14538,account.5af3f244810045a1a23b1c6941a18f57,0,0.0,0,0.0,0,228,0,553.71735,2,22
2,1,0,130.31596,byplayer,1,0,38,1,1,7.05379,zjwanghao,account.5831ed47597d46c581fe7cc222f4d467,0,0.0,0,0.0,0,162,0,72.866104,2,22
0,0,2,22.68,byplayer,0,6,85,0,0,0.0,525dcbo,account.9f7b6e14086b4e649fef31fa50b40b6b,0,0.0,0,0.0,0,328,0,366.3816,3,17
0,0,0,0.0,byplayer,0,1,102,0,0,0.0,Susu--ya,account.2bff22fdefba4f5389ec71307771e828,0,0.0,0,0.0,0,225,0,196.23672,6,23
0,0,0,0.0,byplayer,0,0,112,0,0,0.0,Wonnny-_-,account.b04d984e7cf6445b810c4c102db3f4c4,0,0.0,0,0.0,0,134,0,21.917854,2,26
1,0,0,126.6126,byplayer,0,0,35,1,1,4.867816,18Jin-Yang,account.7f62080f8cc9425e8982dea99b3a9d1d,0,0.0,0,0.0,0,354,0,314.2852,7,16
1,0,0,84.280106,byplayer,0,1,104,0,0,0.0,SSS998-,account.ab615231d5804d4d97d9f8f90d395c42,0,0.0,0,0.0,0,201,0,174.02483,1,23
2,1,4,321.71826,byplayer,1,11,14,1,2,9.563015,Dor4emon,account.279ea2430a844602a7bead2b75a85d8c,0,815.0784,0,0.0,0,1205,0,583.66724,10,3
0,0,2,0.0,byplayer,0,4,86,0,0,0.0,ByteDanceDpp1,account.3980bd4e3f674a5b93fb3dfb68853e6c,0,0.0,0,0.0,0,301,0,246.25633,3,17
1,0,6,159.6,byplayer,0,14,15,1,2,6.2406836,luodi321,account.8cdb4dfea085406e950231adf959ddff,0,0.0,0,0.0,0,1161,0,495.59296,9,6
1,0,0,100.0,byplayer,0,0,26,1,1,2.8477654,AClao,account.7409740625c5446f831177892938a7d7,0,0.0,0,0.0,0,173,0,85.1699,3,14
0,0,0,0.0,byplayer,0,0,40,0,0,0.0,17_Rstar,account.fadca73829e244819bf68d2b08cd7028,0,0.0,0,0.0,0,252,0,218.24963,8,11
0,0,0,82.5,byplayer,0,0,58,0,0,0.0,woditoufazhende,account.fbaad387dadc4eb5b3bd1a09ab310fda,0,0.0,0,0.0,0,73,0,0.0,1,23
0,0,1,78.95999,byplayer,0,0,34,0,0,0.0,Mr--wangtianci,account.d7f0d7db63984b8e987673b86a78f1e5,0,0.0,0,0.0,0,397,0,231.39552,3,7
0,0,0,0.0,byplayer,0,0,48,0,0,0.0,jade__-emperor,account.26eaf82f11b64935916104c60ab28814,0,0.0,0,0.0,0,131,0,80.48318,2,20
1,0,0,172.52818,byplayer,0,0,25,1,1,4.7750926,Wangmorenp,account.707e7049a96c439fa87de92be6086987,0,0.0,0,0.0,0,201,0,89.28842,6,13
2,0,4,200.0,byplayer,1,6,9,1,2,8.286542,I7_AixIeft,account.81766924611f492f9e341e191bc5ff48,0,0.0,0,0.0,0,480,0,12.04793,6,7
0,1,0,320.13318,suicide,1,1,12,1,2,34.886753,nik3y6nK3dLIl,account.9c6d52e604e14539a9b5d7059b763e10,1,0.0,0,0.0,0,266,0,329.09375,6,11
0,0,8,114.62169,byplayer,0,2,17,1,1,13.654999,battleYeerba,account.67cd9fbae80d48b7b8cb65b7fbb46221,0,3157.0767,0,0.0,0,1145,1,2120.0964,9,2
0,0,0,99.54,byplayer,0,1,46,0,0,0.0,China-Q-,account.b7ea5f3a51c04c58a6109ea739cbf991,0,0.0,0,0.0,0,149,0,111.26549,2,19
4,1,2,288.8372,byplayer,0,1,11,1,2,20.943798,N1D1ELA1LOU_,account.5c03c58c55884519ab676fe09716b723,2,0.0,0,0.0,0,266,0,272.7831,4,11
2,1,5,304.43918,byplayer,0,11,7,1,2,9.100638,LuRenWang_MGG01,account.664bc01bd3164a8baafc31c09bc7e0eb,1,763.2907,0,0.0,0,809,0,918.3016,9,3
3,0,0,315.02994,byplayer,0,1,14,1,2,12.0331545,AIt_Cray,account.fa4fb81778b741cb98bc254a954cffaa,0,0.0,0,0.0,0,253,0,298.65915,5,13
2,0,0,207.55,byplayer,0,2,13,1,2,17.960102,CHN-029-HCl,account.16e164fc3d2547a5928d8db90240c714,0,0.0,0,0.0,0,255,0,156.32198,6,12
1,0,1,123.0,byplayer,0,4,22,1,1,8.059146,KG--SQj1a,account.a366fc7ba18a43e4b602b0781ba217bb,0,0.0,0,0.0,0,322,0,339.93402,5,10
0,0,0,0.0,byplayer,0,0,53,0,0,0.0,GUOMESSI1,account.31f7f1530429434890ee0a2197d91c11,0,0.0,0,0.0,0,93,0,13.281489,1,21
1,1,0,131.68001,byplayer,0,0,45,0,0,0.0,3_x_91X846K02,account.bb6f7b45624f4aeda0ff5750c5a98e4b,0,0.0,0,0.0,0,149,0,74.84529,2,19
0,0,0,0.0,byplayer,0,0,54,0,0,0.0,Mafia_Apan,account.da9d351c2dcf497fbf3407b3d7428e0c,0,0.0,0,0.0,0,89,0,0.0,1,21
3,0,8,689.30853,alive,2,8,1,2,8,150.36531,Livuios,account.3cd8370a51a44ef7b5f3a7c9a7982003,1,3020.5647,0,0.0,0,1148,0,908.9327,12,1
0,0,0,0.0,byplayer,0,0,59,0,0,0.0,Arthur-_o,account.0f9fddd07103429486a5f550cd2f2e25,0,0.0,0,0.0,0,73,0,0.0,1,23
1,0,2,214.415,byplayer,0,9,37,0,0,0.0,Carover_-,account.5604e5d3e582436b81249fdadac5f414,0,0.0,0,0.0,0,345,0,235.66815,5,9
1,0,0,52.47773,byplayer,1,1,16,1,1,14.708646,Koqacnmlgb,account.1e3f63f43d9c43d3a1a67aaf547a661d,0,0.0,0,0.0,0,214,0,124.13247,3,1
0,1,1,62.039997,byplayer,0,1,29,0,0,0.0,Wangdachui123888,account.3158eb15907142b996291453ea87f1ac,0,1976.8818,0,0.0,0,645,0,827.51086,8,1
2,0,0,402.57916,byplayer,1,1,3,3,4,82.70371,izcc-,account.65183ade246f46d0bd8b964aab9d14b5,1,0.0,0,0.0,0,185,0,134.82085,3,14
2,0,2,275.0,byplayer,1,2,8,2,2,12.273812,KOR-THE_WORLD,account.9f47dc274afd48958dc7ed8a07a6c6eb,0,3829.88,0,0.0,0,567,0,133.62146,5,6
0,0,0,36.0,byplayer,0,0,43,0,0,0.0,imStllar-_,account.d7c8e2bd8d7c4a45ba1c9c62e380d59c,0,0.0,0,0.0,0,168,0,250.22919,4,15
3,2,4,545.668,byplayer,2,2,2,1,4,31.568296,GTJoker_MSheng,account.9fb84537c20640f6b2650edfa411f62a,4,589.82605,0,0.0,0,809,0,1100.9104,8,3
0,0,3,55.09809,byplayer,0,4,32,0,0,0.0,sung_my,account.30447ac5762547a885e89562188fd3d4,0,0.0,0,0.0,0,681,0,1234.3511,4,4
1,0,0,120.0105,byplayer,0,0,47,0,0,0.0,KU_Kun9400,account.b57107ed3eb64e92a03140e1cfdb9de6,0,0.0,0,0.0,0,135,0,162.09895,2,20
0,0,0,22.515,byplayer,0,3,41,0,0,0.0,rlaalsgurwkddo,account.5b1f419eab63447e820c0dc809878a55,0,0.0,0,0.0,0,230,0,184.65594,5,13
0,1,2,0.0,byplayer,0,0,30,0,0,0.0,Im_DakongE,account.058c64c4ef664f24aa0c6146792bdf4c,0,0.0,0,0.0,0,246,0,109.26959,6,1
0,0,0,16.883104,byplayer,0,0,31,0,0,0.0,Ni_nnnnnnnnnnnnn,account.b4d9e7833d274b07960977102d3d7416,0,0.0,0,0.0,0,161,0,72.12095,7,3
2,0,0,128.45001,byplayer,0,5,24,1,1,11.717328,LLOONNGG_-,account.6c308d17e74b456f9f7d9956107d3e0c,1,0.0,0,0.0,0,255,0,147.40483,5,12
0,0,0,67.5,byplayer,0,0,55,0,0,0.0,MASTER-KXY-EMO,account.b0440f8bdf7d42f587d7d3ca436ce8ec,0,0.0,0,0.0,0,77,0,0.0,1,22
1,0,0,300.0,byplayer,0,0,4,2,4,13.298706,Big_DEVIL___,account.022675edd4b64205af1cdf09b0cb82fd,0,0.0,0,0.0,0,155,0,55.99209,5,18
0,0,0,100.00001,byplayer,0,0,28,1,1,8.753842,LeBrontom1,account.2c442fd00a104c289ff2e7fbd829d6b5,0,0.0,0,0.0,0,158,0,88.221085,4,17
1,0,0,100.0,byplayer,0,0,15,1,2,54.389507,9i1v,account.7cf76b6b3167457f820b4e714a3d2429,0,0.0,0,0.0,0,190,0,189.3325,6,14
0,0,0,100.0,byplayer,0,0,27,1,1,29.79324,faN-iZu,account.d34c6d569d3c4a518ed8c52027ad0f82,0,0.0,0,0.0,0,159,0,184.6771,3,16
0,0,0,0.0,byplayer,0,0,56,0,0,0.0,3SanMu,account.a5b988b5ad274564a64d10815082c850,0,0.0,0,0.0,0,73,0,0.0,1,23
1,1,0,32.5,byplayer,0,0,51,0,0,0.0,84676,account.0368e633a6eb4d56a7b4f996aa2451f4,0,0.0,0,0.0,0,115,0,25.216518,2,21
4,0,2,539.31396,byplayer,1,0,5,1,3,17.644165,i_wjq,account.911fe9c99cb04a50997eb9bf4816985c,1,0.0,0,0.0,0,322,0,383.18234,3,10
0,0,0,0.0,byplayer,0,0,39,0,0,0.0,imxiaomiemie,account.1569e54bb6ec4be793af17f5d005cc2a,0,0.0,0,0.0,0,138,0,63.160233,3,10
0,0,1,0.0,byplayer,0,0,36,0,0,0.0,Luv-Koreyoshi,account.4fe80f900b4c4bf9a26a3efb6fdcbdec,0,0.0,0,0.0,0,339,0,373.01288,6,8
0,0,0,100.0,byplayer,1,0,18,1,1,2.2402358,MlgKBzw5lk,account.89bc6609bf484dd1b040140991edcf82,0,0.0,0,0.0,0,93,0,0.0,2,2
1,0,4,280.23846,byplayer,1,0,19,1,1,9.2046795,Baegopa_Killjo,account.ad1085b7c3fe4296aa89d50a54544573,0,3844.9412,0,0.0,0,651,0,254.15192,8,6
0,0,0,0.0,byplayer,0,0,52,0,0,0.0,Wo_Ai_Sao-B,account.f679e2bbecc640248871b98e7ebc288e,0,0.0,0,0.0,0,115,0,28.81417,3,21
1,0,0,171.48883,byplayer,0,0,10,2,2,30.951408,eXDU1XCj,account.671633f8b8144d9fa8b7505408728e25,1,0.0,0,0.0,0,378,0,305.0406,9,7
3,0,2,267.38,byplayer,0,1,20,1,1,37.891865,C1eVer_08,account.b89a3eb74ed44f1cb63e3abb44ee200c,0,308.9886,0,0.0,0,422,0,728.72235,5,8
1,0,1,25.585003,byplayer,0,1,38,0,0,0.0,OHWRUHZLNI,account.94e62465fd76466ea1a44a57e1193900,0,0.0,0,0.0,0,300,0,50.392246,10,9
0,0,0,0.0,byplayer,0,0,57,0,0,0.0,iYooGe_-,account.d7a3012008c549478f955ec3364f8049,0,0.0,0,0.0,0,73,0,0.0,2,23
0,0,0,0.0,byzone,0,0,33,0,0,0.0,zb1070455283,account.6ac8121fd7be4ed291c47776a74de473,0,0.0,0,0.0,0,668,0,0.84,0,5
0,0,2,120.217545,byplayer,0,1,21,1,1,49.515,Jzzz_zz,account.71d6ec4119a941aa9a1b521e9fcfa628,0,0.0,0,0.0,0,316,0,171.55167,7,9
1,0,0,100.0,byplayer,0,1,23,1,1,0.96345633,Toxic_YYxxxxx-_-,account.05b9987405fd44619b1e60a4a1fc4620,0,0.0,0,0.0,0,146,0,59.026558,3,11
1,0,6,285.00702,byplayer,0,3,6,1,2,88.537,zxnb6666966,account.2080688517c84be394c59ebc357737a2,0,4265.3877,0,0.0,0,1145,0,681.06946,12,2
0,1,0,60.629997,byplayer,0,0,42,0,0,0.0,454332,account.cd47f5fbc6cf4efd8c38758ae201da5e,0,0.0,0,0.0,0,207,0,123.38479,7,13
2,0,0,117.5,byplayer,0,0,49,0,0,0.0,Ant_sostay,account.b79d310e65794c7a95580de9817c4c04,0,0.0,0,0.0,0,92,0,36.630806,2,20
0,0,0,45.100002,byplayer,0,0,50,0,0,0.0,sugar_cao_mei,account.58f21493d3fb42e39b06706f1c46cb69,0,0.0,0,0.0,0,87,0,7.753827,2,20
0,0,0,0.0,byplayer,0,0,35,0,0,0.0,Never_give_up_-,account.344b8ba6bb3a4259ad6b1f748cce4f8e,0,260.2789,0,0.0,0,377,0,704.877,8,8
0,0,0,0.0,byplayer,0,0,44,0,0,0.0,J1eKun,account.fcfe711bf03d409ea0965a24e888f0ad,0,0.0,0,0.0,0,168,0,235.00941,3,15
2,2,6,393.14337,byplayer,0,1,11,1,2,280.17484,harunana,account.4aa43d43dfcd407aa8f777d3f00b3187,1,7847.4355,0,0.0,0,1087,0,1150.766,11,10
6,1,10,816.50305,byplayer,2,13,3,2,4,85.03219,ZeRoM_Lee,account.59d9629be0504f7aafa17300cc3e7988,0,3635.7998,0,0.0,0,1713,0,1502.6733,7,3
0,1,0,86.939995,byplayer,0,0,58,0,0,0.0,XacCaK,account.6b89f7e7f480465f8ddeae2b563034f0,0,0.0,0,0.0,0,207,0,94.596146,6,15
1,0,6,338.02194,byplayer,0,0,27,1,1,106.525856,sunbabababaaa,account.7d2805ce2c6b4d79a042e223b37089ce,0,2674.3613,0,0.0,0,887,0,2104.4238,13,14
0,1,2,21.280003,byplayer,1,0,13,1,2,158.02069,CzH-Tinn,account.fe2958ba0f094ff992f59939df3faa8e,4,1137.2632,0,0.0,0,986,0,1128.9607,7,11
1,0,4,226.09245,byplayer,0,6,46,0,0,0.0,2tap_-o-,account.4d01353d82fe4f49b9853dc3733fa6a0,1,0.0,0,0.0,0,938,0,23.895073,6,13
1,0,3,100.0,byplayer,0,0,54,0,0,0.0,skylinekk,account.cb3c59de01474a96bd1bd6e30bd39fb8,0,2164.9138,0,0.0,0,589,0,1094.4092,7,14
3,2,8,656.8351,alive,2,3,2,1,4,388.892,Apex_DoA,account.f48a79554ed84e43a21aeba7b8085cca,1,3156.5225,0,0.0,0,1741,0,2487.9084,12,1
0,2,10,81.51768,byplayer,1,3,19,1,1,222.05678,hlsn1o5b0u,account.4cf0561be5e84cdf9f3028e3549b80d1,0,5341.9995,0,0.0,0,1641,0,2266.6924,13,4
0,0,10,48.97429,byplayer,0,9,34,0,0,0.0,Bi8bo_-Xxxxxz,account.7844b5816bca4edbb4e796b73c1fbf26,3,7114.0776,0,0.0,0,1586,0,1609.8068,11,5
0,0,3,57.393497,byplayer,0,0,50,0,0,0.0,Heiguo-YYDS,account.71a1adde09004dd8aa5afa9a3a1b60ea,0,0.0,0,0.0,0,758,0,25.316841,4,14
0,0,4,0.0,byplayer,0,0,45,0,0,0.0,WuLei--YYDS,account.8300fe5c4854438e97d032085078b0a4,0,0.0,0,0.0,0,741,0,28.169788,8,12
0,0,5,94.681496,byplayer,0,0,41,0,0,0.0,STN_DDogi,account.672c8e27360d4b048f860af513dd1683,0,5391.783,0,0.0,0,1023,0,917.33344,7,9
0,0,0,0.0,byplayer,0,0,55,0,0,0.0,L_Axing,account.4dcc916482574fc9a16b61aef16272dc,0,0.0,0,0.0,0,179,0,339.27612,2,14
0,0,0,114.84,byplayer,0,0,57,0,0,0.0,FeiSiTu-YiMei,account.6ed31856bd524dcc928b3ed5c0e589ca,0,0.0,0,0.0,0,248,0,406.6975,3,15
0,1,3,81.74074,alive,0,2,31,0,0,0.0,TakChungBeom,account.ca122c83f3824ed28b1223fb75f2d3f7,0,3724.5327,0,0.0,0,1741,0,1508.845,13,1
1,0,0,119.35,byplayer,1,0,18,1,1,12.429409,AlmxxBBBBBBBBBB,account.804998e6d7f3472483c2269dcfab6bf8,0,0.0,0,0.0,0,170,0,54.646793,2,3
4,1,4,323.4947,byplayer,0,1,9,1,2,40.829803,pullbbang2,account.040043fc16c244128f10856085173374,2,5690.1826,0,0.0,0,1295,0,1646.5591,10,8
0,0,5,0.0,byplayer,0,0,51,0,0,0.0,Guanxin-YYDS,account.0840df1794a746e6845a5cbacb7e7d45,0,0.0,0,0.0,0,733,0,17.848755,9,14
3,0,0,301.4029,byplayer,0,0,28,1,1,14.10414,KZ_DOC,account.c857adebdf7a45838a8483eb7a5d81e7,1,0.026815668,0,0.0,0,274,0,60.850597,10,15
0,0,4,124.645004,byplayer,0,2,10,1,2,165.81367,BrilliantBooger,account.6ba1917c8ba947bfbf7e8539f31b770f,0,6324.3726,0,0.0,0,1285,0,1610.4098,12,8
6,3,7,868.57153,alive,2,1,1,3,6,188.0251,Toooooomars-,account.507f6ab6dad94d0aadac2496b6c5afac,1,3883.599,1,0.0,0,1741,0,1469.2048,11,1
5,0,10,725.34015,byplayer,2,9,5,1,4,219.42183,BadUncle_EeeeeE,account.5733839b1f6a4a24b2f546d5c23a78e9,0,6069.9844,0,0.0,0,1634,0,2484.3196,13,4
1,0,0,100.0,byplayer,0,0,29,1,1,9.811404,SHIYuFengTian,account.4d9146b7a71c4f999d3873e2c2702ca5,0,0.0,0,0.0,0,213,0,105.36345,4,16
3,1,11,480.90045,byplayer,0,4,8,1,2,132.51459,ON_Pierrot,account.40f43d4a995249c988d0fbeba11a0cd2,0,3212.5635,0,0.0,0,1537,0,1387.5476,16,2
0,0,5,158.38675,byplayer,0,0,24,1,1,363.40433,DOPOYOU,account.52d17dde74fd4e7194baf1960d86a891,0,6995.4536,0,0.0,0,1224,0,1138.1693,9,9
2,0,0,110.0,byplayer,0,1,26,1,1,37.82375,womeimile,account.da931b44ef1e42268e34230fcc405807,0,0.0,0,0.0,0,193,0,68.51517,4,11
2,0,6,209.04576,byplayer,1,3,25,1,1,89.79954,NLclub_Zau01,account.d44a452b905747b9aeb24136a6e0627d,0,994.8139,0,0.0,0,986,0,979.0119,10,11
0,0,1,0.0,byplayer,0,2,39,0,0,0.0,POORPOTATO,account.50818ffd322942feb72438853d953d24,0,7863.95,0,0.0,0,956,0,686.61365,9,8
1,0,7,200.0,byzone,0,13,7,1,3,362.94333,0537_M24,account.dd89478d07c64406a34b1233a81fa5c3,1,5993.938,0,0.0,0,1298,0,2262.9468,8,6
0,0,0,0.0,byplayer,0,0,49,0,0,0.0,2tap_Daegu,account.67406ecd13104689a50ace70f7f98e5e,0,0.0,0,0.0,0,717,0,88.5555,8,13
0,0,4,247.142,byplayer,0,5,47,0,0,0.0,2tap_Masterrr,account.c9b4f70a15114df885319028035e5bcc,0,0.0,0,0.0,0,938,0,91.9603,5,13
2,0,5,276.0813,byplayer,0,1,23,1,1,166.99458,donglee_2,account.0319686f9a3d40dcba0e2cf3bd4f01c1,0,7064.8926,0,0.0,0,1224,0,881.2026,10,9
1,1,6,172.81999,byplayer,0,5,48,0,0,0.0,2tap_Y_Y,account.73e9e048748f4530ac87ae8a4a80192c,0,0.0,0,0.0,0,929,0,2.4529905,7,13
0,0,0,0.0,byplayer,0,0,59,0,0,0.0,DM_80,account.9916121260b44264b96d335b46f8e914,0,0.0,0,0.0,0,213,0,233.33656,5,16
3,2,3,512.47095,byplayer,1,2,6,2,3,99.643875,7eliu_,account.50e4ae16719945fdb711903286dd148b,0,8132.7896,0,0.0,0,1287,0,1234.5364,14,5
1,1,3,21.279995,byplayer,1,0,16,1,1,32.196392,ON_OFFout,account.5dd332090d174d7996b5cbeae792769c,0,4178.486,0,0.0,0,696,0,709.99023,14,2
1,0,7,148.83693,byplayer,0,0,44,0,0,0.0,xBe_1,account.580c9f92226f4f9dbd6ea9f48c1ac413,0,0.0,0,0.0,0,979,0,512.41034,10,12
0,0,1,111.6953,byplayer,0,0,40,0,0,0.0,NOCON74_,account.de71fd73a67a433dbbd1bd4f2673a825,0,6553.2764,0,0.0,0,1216,0,781.1183,7,9
0,0,0,143.5,byplayer,0,0,56,0,0,0.0,JiangHuZaiHuixxx,account.f0f1c430e28943cb8846bf79d23660de,0,0.0,0,0.0,0,149,0,45.620243,1,14
0,0,4,56.621155,byplayer,0,0,37,0,0,0.0,TieNiuGG-_,account.f48ae86811db481095266a926af306b8,0,6118.5645,0,0.0,0,977,0,932.02295,7,6
0,0,5,0.0,byplayer,0,1,36,0,0,0.0,0536_Mr-Chen,account.8c58f60df8b7478dbb82eb7c575cbc94,0,7038.037,0,0.0,0,1071,0,1022.06555,4,6
0,0,0,0.0,byplayer,0,0,33,0,0,0.0,4AM_-pomelo,account.0c42bb37dadd4b7ea1eb3ad0124616d5,0,5628.3877,0,0.0,0,649,0,607.1777,6,4
0,0,1,0.0,byplayer,0,0,52,0,0,0.0,3033Mtututu,account.b8c2fb3e4d874102a5062c37f4f205df,0,1666.0955,0,0.0,0,671,0,403.80862,9,14
0,0,5,17.665642,byplayer,0,3,42,0,0,0.0,lGeren,account.639fc06dda2a484e93afb6ea1bcbe5e5,0,8502.82,0,0.0,0,1093,0,1167.2305,6,10
0,1,3,140.08423,byplayer,0,2,38,0,0,0.0,HanakoNana,account.afb3b0f0a75148bb9fa43cd51cdb764a,0,6975.7104,0,0.0,0,1285,0,936.78125,9,8
1,1,0,62.93421,byplayer,1,0,14,1,1,231.91872,jungyeon98,account.4df3887d17b545dabdad3234d04c9a92,0,3900.9478,0,0.0,0,1434,0,1264.7462,14,1
1,0,0,100.0,byplayer,1,0,30,1,1,7.7013335,abingege00,account.b97969cbb3e74ea98587b9a8a97c7c8b,0,0.0,0,0.0,0,187,0,225.33722,5,16
1,3,11,380.7246,byplayer,0,2,35,0,0,0.0,2ch_xiaopang_-,account.80810a9ed7c94a069f10ab0c96e9be54,0,7060.668,0,0.0,0,1487,0,1799.5211,8,5
0,0,0,0.0,byplayer,0,0,32,0,0,0.0,yuanlisqq,account.af2dd7b19b4a452883c0ba944c6e78e6,0,0.0,0,0.0,0,182,0,122.10525,3,3
0,0,0,0.0,byplayer,0,0,53,0,0,0.0,3001Mtututu,account.980233944a00432bab55a804fc58f588,0,1863.7535,0,0.0,0,653,0,389.401,10,14
2,0,1,66.71436,byplayer,1,0,12,1,2,49.168682,NeApe_BalSory,account.32ca0eb60fa842caa375c50283c1a731,0,3235.179,0,0.0,0,619,0,1073.624,7,10
0,1,7,106.16443,byplayer,0,4,43,0,0,0.0,FreelyzZZ,account.50f00684e7714097b8fb85bea341bcd6,1,1565.4673,0,0.0,0,986,0,1660.2635,9,11
0,0,12,21.744688,byplayer,0,15,22,1,1,66.988266,bielouto,account.029928ffefc64d37ae6d45e75b937a54,0,5883.1587,0,41.398487,0,1303,0,2509.5894,7,7
1,1,4,158.87808,byplayer,0,2,17,1,1,28.180418,Cita000,account.68f5e974c2954a9c80a3ec5783177b50,0,3617.4285,0,0.0,0,892,0,914.51654,10,3
0,0,10,128.49777,byplayer,0,3,20,1,1,14.1094,183Height_,account.c6220bf2eb2a46d7a3f7e82894dd14bc,2,7854.0015,0,0.0,0,1566,0,2070.31,14,5
3,0,6,396.8048,byplayer,0,3,21,1,1,72.96882,4am843195,account.34a477d3a48249cf8e83c54dd62f9d10,0,6402.1123,0,0.0,0,1497,0,1635.3402,8,6
0,0,0,0.0,byplayer,0,0,60,0,0,0.0,ZhTender,account.d050940d7acb47b6956328f5ee059f93,0,0.0,0,0.0,0,132,0,84.986435,2,16
4,2,9,731.4447,byplayer,0,4,15,1,1,14.935044,ON_DYNAMITE,account.52c88781567a4a249bd07f1788d6ba3c,3,4788.0776,0,0.0,0,1738,0,996.39435,10,2
4,1,11,667.7563,byplayer,4,5,4,2,4,459.87845,xihuantuiqiu,account.a4ebce0d02014c488e67555445ebe9f7,4,5438.8154,0,0.0,0,1641,0,2217.628,11,4
0,0,1,23.557343,byplayer,0,0,41,0,0,0.0,LNH_SQ,account.09118c62023347db8b23e96af4cb8bb1,0,1933.0671,0,0.0,0,496,0,617.5223,8,9
2,2,0,233.75748,byplayer,0,1,8,1,2,43.120983,ABD0303,account.903942bdd7f5408fb7bbb1b4e8b0f9d6,0,3254.8984,0,0.0,0,1490,0,1949.0027,9,4
0,1,6,114.19369,alive,0,7,11,1,1,19.335949,MarTha_Lege,account.4af9dfcd2fa24b39be20a59d8b9c1966,2,7618.4336,0,0.0,0,1633,0,2506.291,10,1
0,0,1,0.0,byplayer,0,0,31,0,0,0.0,TheRoadSoFar8,account.cc33f63620eb4acd899d8ea5bb31f4b0,0,7703.6533,0,0.0,0,869,0,693.91956,8,1
0,0,0,0.0,byplayer,0,0,60,0,0,0.0,Do_you_pig,account.4c05daeaf035415b98643f62c7787dc7,0,0.0,0,0.0,0,77,0,0.0,0,20
1,0,6,41.765457,byplayer,0,3,14,1,1,71.498245,Ubermensch--_--,account.4a92662f893746bd9f3c3efffbf8e4ec,1,3520.8682,0,0.0,0,1490,0,1993.4883,15,4
1,0,6,310.022,byplayer,0,2,9,1,2,29.46492,SiAuGaO_YuMO,account.1691de74a1dd4a1abcf260e9cec3d82e,0,0.0,0,0.0,0,1306,0,1566.0977,13,7
6,1,5,797.81775,byplayer,2,3,1,2,9,62.294132,iwl8,account.bf96e713e95e40838049ccaa370425c5,0,4118.589,0,0.0,0,1470,0,2087.0225,13,2
1,0,8,161.875,byplayer,0,4,35,0,0,0.0,SS-so,account.01e373b69dc645b8b5583491cb488790,1,2527.1511,0,0.0,0,1369,0,1746.5513,9,6
2,2,3,254.85692,byplayer,0,2,15,1,1,37.487476,lala_biubiuhu,account.dda1e8b322304fd499e7e5d71c590f6a,2,3067.5298,0,0.0,0,1490,0,2038.9141,11,4
1,0,2,157.27722,byplayer,0,0,26,1,1,4.7566,FPS666777888,account.765e89cca73643539731b07949abe5d3,0,0.0,0,0.0,0,301,0,144.52765,7,11
0,0,0,0.0,byplayer,0,0,59,0,0,0.0,me1nve,account.c7ea8812f95046a788483c62b856a991,0,0.0,0,0.0,0,82,0,0.0,0,20
0,0,0,0.0,byplayer,0,0,51,0,0,0.0,KV-456,account.730fe3c496a145a09162049282eccae7,0,0.0,0,0.0,0,103,0,19.222008,1,14
1,0,0,239.491,byplayer,0,0,30,1,1,3.2227862,MIA_Kkevin,account.104c84dcc6e74be7833f354d5a8949d6,0,0.0,0,0.0,0,105,0,45.373325,1,19
0,0,1,0.0,byplayer,0,0,48,0,0,0.0,Asterto,account.1d9f328b5ed34e29a23179aba09819b4,0,0.0,0,0.0,0,242,0,150.74,3,13
0,0,0,0.0,byplayer,0,0,47,0,0,0.0,I9092-,account.175385880db04e4b89b2ad0933ecbcfc,0,0.0,0,0.0,0,129,0,41.79133,2,12
0,0,8,64.64346,byplayer,0,9,19,1,1,22.469778,1dszzz1,account.920b81e9429b49c8a4401af5c4cd388b,1,2518.3826,0,0.0,0,1369,0,1557.6447,10,6
1,0,4,292.64807,byplayer,0,0,42,0,0,0.0,Master-rua,account.5a67df252b6b463a86af680a79a60a6d,0,0.0,0,0.0,0,880,0,2249.0547,7,10
1,0,1,120.322334,byplayer,0,1,58,0,0,0.0,xX6aoXx,account.cf638d9dc7cc4b5885bbd4b6c807a86b,0,0.0,0,0.0,0,169,0,66.92896,4,18
2,3,14,465.63498,alive,1,10,4,1,3,197.90024,20XX_-,account.4b6936eef6524766abf2bde4d85b5fa3,0,7640.22,0,0.0,0,1633,0,2005.5269,14,1
0,0,0,0.0,byplayer,0,0,54,0,0,0.0,ATK_xiixia,account.065e6a319c824dc9a80253f8241b9bea,0,0.0,0,0.0,0,214,0,250.47742,3,16
0,0,0,0.0,byplayer,0,0,50,0,0,0.0,YUANJING1128,account.bc4d022fe7b847f59cc1960278e680fc,0,0.0,0,0.0,0,222,0,52.510723,3,13
0,0,0,0.0,byplayer,0,0,45,0,0,0.0,18889489044,account.965f123d77ed49c1b121bc6fff5b45e6,1,0.0,0,0.0,0,311,0,183.28056,3,12
1,1,2,100.0,byplayer,0,0,12,1,1,2.253032,9ine1she,account.109132714d314abe92fb4ed99f4800d2,0,0.0,0,0.0,0,288,0,462.4188,7,2
2,0,0,277.01102,byplayer,0,0,25,1,1,3.480153,Leony-66Z,account.51f3933e3fa949b6a7e524c065c2358e,0,0.0,0,0.0,0,515,0,1413.4655,4,10
0,0,5,62.439915,byplayer,0,4,37,0,0,0.0,Yseng0v0,account.2f68f10420e24295b30fc972f76f49d7,0,1906.8889,0,0.0,0,1283,0,1527.1902,4,8
0,0,0,0.0,byplayer,0,0,55,0,0,0.0,FrZQZFkmecve0,account.0636b7fe1f1740d1b8b27347ae0ad4af,0,0.0,0,0.0,0,192,0,190.11063,4,16
2,0,4,254.22812,byplayer,0,1,22,1,1,4.4990554,cTm88,account.c29aa27a2165433881db0635e83f3223,0,0.0,0,0.0,0,1310,0,832.5834,16,7
1,0,6,180.02637,byplayer,1,0,18,1,1,7.5179267,Serendipity0815,account.d9d05d386e8b46e2a4f86dbf25678921,1,128.15108,0,0.0,0,1405,0,832.4921,10,5
1,0,2,86.594284,byplayer,0,1,43,0,0,0.0,Kirilenko14,account.7356a180ff494e5ea8b2cabbff437092,0,351.44995,0,0.0,0,533,0,682.78815,10,10
1,5,6,391.0851,byplayer,1,2,7,2,2,73.025696,02o6-,account.43b4a48bb3ea4301a2ccae39f919bd18,1,4274.941,0,0.0,0,1483,0,1429.6709,8,2
1,0,5,226.81802,byplayer,0,1,24,1,1,50.492573,DucMinhAnh,account.de65b958aed74416aaa3d84a2990abdc,0,0.0,0,0.0,0,869,0,1945.6948,5,10
2,1,8,177.42963,byplayer,1,0,21,1,1,16.692076,Pudding_Tianma,account.4d1e4966d7294dc8b64c64f8c46c0311,0,0.011267347,0,0.0,0,1310,0,996.74097,21,7
1,0,0,100.0,byplayer,0,0,29,1,1,9.527594,5icc_,account.16ffdbc6a4784d53ba8452681d379e95,0,0.0,0,0.0,0,177,0,64.244514,6,17
1,1,4,175.60315,byplayer,0,1,32,0,0,0.0,JjAmPpoNgErZ,account.1c1a2c2dfe98457f8f726f2851382c82,1,0.0,0,0.0,0,1587,0,2175.18,9,3
2,0,6,200.0,byplayer,0,0,16,1,1,97.7635,WALi-AN,account.aec979d2e3964af1afb1daafd30d6450,3,3628.9028,0,0.0,0,1477,0,2255.3308,11,4
0,0,8,178.53455,byplayer,0,2,33,0,0,0.0,WADIBUNSAO,account.4a976093ecbd4dba89db7d379e5ac3e9,0,1.4819745,0,0.0,0,1455,0,1526.785,13,5
0,0,1,0.0,byplayer,0,2,38,0,0,0.0,weirdkids97,account.5e7bfe55764b48f2830594cc724732a3,0,2039.8922,0,0.0,0,1151,0,853.351,7,8
1,0,6,122.46815,byplayer,0,2,20,1,1,4.3627267,CuuTaoBayOiii,account.c765081309ca427fb7015eef59884155,1,2439.254,0,0.0,0,1245,0,1588.7332,11,6
2,1,8,321.65894,byplayer,1,2,17,1,1,186.29951,Qs_TT,account.aea7e9cc77624c7db3cedf9a1d8742a3,1,0.0,0,0.0,0,1455,0,1149.344,9,5
0,1,0,51.660004,byplayer,0,0,39,0,0,0.0,pingpinguuu,account.03414c0055244f60b7478b20dc25f864,0,201.50397,0,0.0,0,484,0,702.2759,8,8
1,0,8,162.1438,byplayer,0,2,13,1,1,47.752697,GneMoaH-MM,account.933fdba8c1eb453a9a40721d7c3a48f8,0,0.0,0,0.0,0,1587,0,2280.27,11,3
0,0,2,19.43647,byplayer,0,1,27,1,1,45.855194,Cici-Y,account.905c4ae8fd494f42a8dd9efba983662c,0,0.0,0,0.0,0,305,0,253.21849,6,12
1,0,2,174.68513,byplayer,0,2,40,0,0,0.0,y5770y_Grey,account.eb01adb2da654bbfb795545333333770,0,5724.145,0,0.0,0,1261,0,1272.4854,9,9
1,0,3,236.99754,byplayer,1,2,10,1,2,35.75145,I9051-,account.a88c9560d7e74e8495de119d5a3cb13e,0,0.0,0,0.0,0,305,0,248.7808,7,12
0,0,0,68.371994,byplayer,0,0,49,0,0,0.0,RaPy0urbae,account.826ef796e7bc487595f28d818c515dcb,0,0.0,0,0.0,0,222,0,114.93562,6,13
0,0,0,0.0,byplayer,0,0,57,0,0,0.0,zhangjian0k,account.55b9056c32e2442fb895d25ca12a2dcd,0,0.0,0,0.0,0,214,0,0.0,0,17
0,0,2,103.53174,byplayer,1,2,23,1,1,15.840479,ChitatoxD,account.9dbd7e1bca8841daa5eb1db51aa9029d,1,1963.803,0,0.0,0,1102,0,1636.6392,6,8
5,2,5,726.9092,alive,3,2,2,3,6,258.98734,wolf-zouma,account.f2b272df36164042a58b6eaa627b39ad,0,7361.5605,0,0.0,0,1633,0,2496.103,11,1
0,0,5,116.01273,byplayer,0,1,34,0,0,0.0,RadFoxus,account.0b12db332830479fa4b992b71466566b,1,0.0,0,0.0,0,1420,0,1290.7655,5,5
0,0,0,24.6,byplayer,0,0,56,0,0,0.0,Monica76782,account.dbb2051a61e545b6a3846c77734e001d,0,0.0,0,0.0,0,170,0,80.76404,3,16
0,1,5,98.521385,byplayer,0,2,36,0,0,0.0,Blackpig840,account.1e993632c6604d69861a19e37032f24f,0,0.0019900217,0,0.0,0,751,0,107.89178,7,7
4,0,2,508.1983,byplayer,0,1,3,3,5,24.390257,qbz163776,account.2cc81cdca9754607a5d313b04c902607,0,1249.7505,0,0.0,0,484,0,415.8925,6,11
0,0,1,67.782,byplayer,0,0,44,0,0,0.0,Ensek,account.0008844c2421415bb1bddd3636d5a25a,0,0.0,0,0.0,0,488,0,679.3679,9,11
4,0,3,356.0806,byplayer,1,2,6,2,3,72.93786,5ckMr8Z4ZQ42E,account.acfa440b42e04fcfb6e32f0433c1bf53,2,55.113647,0,0.0,0,1587,0,2683.9485,12,3
6,4,6,749.22107,byplayer,2,2,5,1,3,60.39389,9527G_G,account.089037fc66e741cd966d9074edb48477,1,4136.561,0,0.0,0,1630,0,1685.9376,13,2
0,0,0,86.35582,byplayer,0,0,52,0,0,0.0,Yueqee-,account.1b02c12d27db4ce9ab3b7d6ebebfea52,0,0.0,0,0.0,0,218,0,38.330772,3,15
0,0,0,195.80348,byplayer,0,0,28,1,1,1.7160194,KLinn0v0,account.3f58f6d0745d41699d53897dc20ae339,0,0.0,0,0.0,0,226,0,129.42009,5,14
0,0,1,0.0,byplayer,0,0,46,0,0,0.0,Highmee,account.0e6802ffef2d45d588df761dff6ca29d,0,0.0,0,0.0,0,240,0,289.55347,4,12
0,0,0,49.2,byplayer,0,0,53,0,0,0.0,yHd09,account.a61b795b0baf4696a1c06a16c6c164d0,0,0.0,0,0.0,0,214,0,259.15573,3,16
0,0,0,0.0,byplayer,0,0,57,0,0,0.0,huahua87huahua,account.5d585b8afcbd4987b2329abc25bea373,0,0.0,0,0.0,0,146,0,68.951775,5,15
0,1,10,97.55647,byplayer,0,1,27,0,0,0.0,XJ-19587,account.198d446dafa1484685a6717de82c18ab,0,5151.3667,0,0.0,0,1410,0,1370.0475,13,4
1,1,3,35.72751,byplayer,0,0,21,1,1,22.189304,M4_xiaoze,account.2931da84c69246b2a3af490061dfcb88,0,0.0,0,0.0,0,301,0,152.67305,5,13
2,5,7,129.64984,alive,1,0,12,1,1,29.512842,Yy5659-Chuyi,account.091b2a8e6f7b400f873c72622a5c58d8,0,3085.8105,0,0.0,0,1446,0,1359.8433,20,1
1,0,2,141.77481,byplayer,0,0,16,1,1,45.738194,LoveTzuyuBB,account.978dada625dc497b8563b3c4c2f64b81,0,5956.6855,0,0.0,0,1230,0,1330.7616,5,8
0,0,0,16.079287,byplayer,0,0,55,0,0,0.0,LiMuZiM,account.f83a2407ee444fa58439ea4451628562,0,0.0,0,0.0,0,154,0,43.427036,1,15
0,0,0,0.0,byplayer,0,0,51,0,0,0.0,Stefan8899,account.be9be15e902d4339be9e4e71d4ff6965,0,0.0,0,0.0,0,265,0,296.44012,6,14
3,1,0,315.4428,byplayer,0,1,11,1,2,61.709927,Lonely-947,account.83ec49e409b045c68a8e990edfc0cc5a,0,0.0,0,0.0,0,477,0,243.79884,5,12
5,0,0,656.3807,suicide,6,1,2,6,6,124.26869,Synex97,account.7990e6d1d898428fb48059b6449bbe56,0,4922.6357,0,0.0,0,1076,1,824.91156,2,2
3,1,8,343.11417,byplayer,2,3,6,2,3,161.49445,PWDD-Ahri,account.e6235363ac754963a2f2e917b70025b1,0,8217.223,0,0.0,0,1418,0,2067.9517,10,3
0,3,9,81.65976,byzone,0,1,26,0,0,0.0,LG1n_-,account.3f6f113448314238a674518e98e21356,0,8136.384,0,0.0,0,1309,0,1934.3795,11,3
0,1,6,62.039997,byzone,0,2,38,0,0,0.0,HHHHHHHHHHHXS,account.22078823b06b4931bdfa9679f38607d3,1,1497.2809,0,0.0,0,1042,0,1379.354,11,9
0,1,3,0.0,byplayer,0,0,46,0,0,0.0,QINGCHONH,account.2a9c0aed78034aa1b693ba06d4d1a39e,0,0.0,0,0.0,0,427,0,235.27199,3,13
4,2,8,448.09567,alive,1,1,1,2,6,160.48233,JNSA-_-,account.116cb225e6dc4663a4abda4aa2bccb6d,2,3198.0518,0,0.0,0,1446,0,1750.572,16,1
0,0,0,0.0,byplayer,0,0,59,0,0,0.0,wl580233,account.129c1ebf59134499b55af280972cf046,0,0.0,0,0.0,0,102,0,15.456357,3,15
0,1,0,68.27249,byplayer,0,0,47,0,0,0.0,huya-shand,account.ff2822a4ce0b43c2b90c448f3c28986f,0,0.0,0,0.0,0,304,0,98.99814,4,13
0,0,4,304.02173,byplayer,0,1,44,0,0,0.0,UNC_-MIKEY,account.a0851ffc57ea4d56a8658aa9d2f11a75,0,1180.688,0,0.0,0,890,0,449.42993,6,12
1,0,4,410.77765,byplayer,0,6,14,1,1,9.210079,FJC_8888,account.713f2c79980c48928b67924722ccf1b1,0,4342.5376,0,0.0,0,1362,0,2117.6233,10,5
3,2,1,350.1134,byplayer,1,0,4,1,4,282.72025,I-aLyS,account.f7ff2a6abb41467fb37f1125e848bb30,0,3962.512,0,0.0,0,1336,0,2213.9717,21,6
0,0,0,0.0,byplayer,0,0,32,0,0,0.0,ex1Tecz,account.52d54a7dc43940e6ad046fd0b7df3fcc,0,0.0,0,0.0,0,122,0,30.068413,1,5
2,0,9,260.7307,byplayer,2,0,5,1,3,31.235403,iQ-KKi,account.4e05b2114db64cd7a481c4a0ca4c4245,1,8138.158,0,0.0,0,1418,0,2569.2683,11,3
1,0,3,58.865967,byzone,0,1,37,0,0,0.0,7K-VVVSSS,account.d4498c1fda784c9aa3c2cf7e14c03bab,0,8068.8394,0,0.0,0,1183,0,1479.3022,9,9
1,0,3,122.392784,byplayer,0,1,19,1,1,43.213444,xiaoyangxiaohen,account.9b792bb2e8b540dbbb2cc0ae6174dc39,0,0.0,0,0.0,0,444,0,305.19415,3,13
1,0,5,197.7966,byzone,1,24,10,1,2,21.027369,xX2132Xx,account.e22099d3821d4f43ac39c541389a1ecf,0,0.0,0,0.0,0,1011,0,877.8452,5,11
0,0,1,0.0,byplayer,0,0,58,0,0,0.0,QiuMuo,account.f09a34ddf68a447390b409720c947944,0,0.0,0,0.0,0,143,0,100.90678,7,15
0,0,2,0.0,byplayer,0,2,34,0,0,0.0,caidaoww1,account.fdce4121b2214f419558b628cd22f0bc,1,8425.942,0,0.0,0,1235,0,1644.8052,13,7
0,1,5,61.421024,byplayer,0,0,28,0,0,0.0,Mrzzzop,account.d0c168a93504481b9233f4f60247ff50,1,5094.7783,0,0.0,0,1410,0,1862.3046,12,4
0,0,1,0.0,byplayer,0,0,39,0,0,0.0,LoveForeverSnow,account.1b240e832a4f4277b1a13509871e416a,0,8001.2783,0,0.0,0,1019,0,1717.9576,9,9
0,0,0,0.0,byplayer,0,0,48,0,0,0.0,7TntZzzh,account.3874cf881a15442da6cc647bf770719e,0,0.0,0,0.0,0,288,0,122.61876,5,13
0,0,5,0.0,byplayer,0,0,43,0,0,0.0,Daocaoren995,account.4ba450b0b7574ad2b0b21ad97dd9e3a0,0,73.72907,0,0.0,0,677,0,902.76385,10,10
1,0,9,110.96,byplayer,0,6,9,1,2,48.46156,zeronasa,account.7b2cf73e40dc435baf1cf09446142192,0,1375.5045,0,0.0,0,1191,0,1802.4542,12,9
1,0,2,52.059174,byplayer,0,1,13,1,1,42.64706,hushu_xiaozhi,account.bc295b2942a64b8ab681b63ed0dee34d,0,4974.9404,0,0.0,0,1403,0,1496.4805,10,4
0,0,7,0.0,byplayer,0,6,30,0,0,0.0,Shafty_69,account.82f2f9ea3cbf4d8f91284cdd4eeb5001,1,4192.7188,0,0.0,0,1362,0,2295.6306,6,5
0,0,2,37.8,byplayer,0,1,35,0,0,0.0,yw63236,account.761be36a4f674df29aef12bb1dd1fe84,0,5938.7544,0,0.0,0,1230,0,1302.96,7,8
0,0,0,0.0,byplayer,0,1,50,0,0,0.0,o8o2_-,account.1fc6ef50bf5b4763a3ec310883b3ebd9,0,0.0,0,0.0,0,265,0,464.29456,7,14
0,0,2,0.0,byplayer,0,0,54,0,0,0.0,9iluckyYxx_-,account.bdc5191387bf41949075a34804fba3a9,0,0.0,0,0.0,0,184,0,178.44185,4,15
4,1,15,583.1289,alive,2,3,3,2,5,175.22154,211224_-,account.ff9ed4dedefb47b8a693bdaa14febf82,0,2788.963,0,0.0,0,1446,1,1840.169,19,1
0,0,1,98.08315,byplayer,0,0,49,0,0,0.0,M762-xih,account.5f12acb9f0ed4a5988969724d3543d10,0,0.0,0,0.0,0,265,0,435.3722,11,14
0,0,0,24.6,byplayer,0,0,56,0,0,0.0,Wester-1,account.33e6fc13983e468c9839f9bc62f84c05,0,0.0,0,0.0,0,148,0,128.74806,6,15
0,0,9,36.343315,byplayer,0,1,31,0,0,0.0,Son_Dang_Do_69,account.ebc9a1a5b578436b91edcaacb890a64c,0,5603.9004,0,0.0,0,1267,0,549.3557,7,5
1,0,0,100.0,byplayer,0,0,53,0,0,0.0,I-LOVEMM,account.b64b3f5173344fafbfe50d0567476e1c,0,0.0,0,0.0,0,194,0,104.61969,4,15
0,2,4,152.8358,byplayer,0,0,33,0,0,0.0,xxX-Ryo60-Zzz,account.e71e74ff77924d07a92e14f6e67b275b,0,3732.544,0,0.0,0,1205,1,1824.1116,10,6
1,0,3,62.199997,byplayer,0,1,36,0,0,0.0,SWEETBENSON,account.b730afe574c846b5a8772db373eaae98,1,5967.564,0,0.0,0,1230,0,1524.2992,8,8
1,3,8,377.16904,byplayer,0,0,8,1,2,214.9869,5000NS,account.19d1994f4a314a69882a3b5444aad5f5,0,3635.8022,0,0.0,0,1302,0,2109.7725,10,6
0,0,4,0.0,byplayer,0,0,42,0,0,0.0,PeRo_DaMiao,account.481d70f2d1b34c96b4d015309c8732df,0,83.429886,0,0.0,0,692,0,1059.4916,9,10
2,0,2,252.5535,byplayer,0,0,20,1,1,8.952736,MhHQDyo8,account.0c6b637aa58e48dd8dd6327064d75b24,0,0.0,0,0.0,0,309,0,287.36157,7,13
0,0,11,0.0,byzone,0,9,41,0,0,0.0,MVP_Xiaoenen,account.1e174ca89def47a0ae3a071e01b04f12,0,238.34346,0,0.0,0,1157,0,2524.3071,8,10
1,3,8,302.70084,alive,0,4,7,1,2,44.493126,Mystery_xiaoTom,account.269c511cf23c4b3da1d5755a5534c1b7,1,2804.0242,0,0.0,0,1446,0,1837.9508,15,1
0,0,6,49.74911,byplayer,0,4,17,1,1,12.364971,Monica20588,account.e42d6612533140d6b2475b860dd9ad5e,0,1417.5524,0,0.0,0,1100,0,1494.5796,9,9
0,1,0,50.250893,byplayer,0,0,60,0,0,0.0,Aixkele,account.7ee529af95dc4ab087a02fd8d8a0af17,0,0.0,0,0.0,0,77,0,46.067158,3,15
1,0,5,211.39742,byplayer,0,0,29,0,0,0.0,simplonp,account.9a7f0d423c61459aa4645468930c56fa,0,5374.759,0,0.0,0,1410,0,1348.5878,9,4
1,0,4,100.0,suicide,0,5,40,0,0,0.0,Tan-duo-duo,account.988fc5d0c07c44e58553d51966297743,0,261.41052,0,0.0,0,1157,0,2315.1096,8,10
1,0,1,100.0,byplayer,0,0,18,1,1,11.805128,Yellow---video,account.929cff0a4e0549bda3ca34075f9d3c3a,0,0.0,0,0.0,0,308,0,192.86044,9,11
0,0,0,0.0,byplayer,0,0,45,0,0,0.0,LiuManBoy--XiaMo,account.78a0b09fb3794b53a5e9ac220fed5598,0,1050.0782,0,0.0,0,366,0,343.4618,10,12
1,0,0,100.0,byplayer,0,0,22,1,1,5.052495,kietkiet11,account.9514b099264b4e5fa4e16734d9750962,0,0.0,0,0.0,0,90,0,51.370834,2,16
0,0,1,0.0,byplayer,0,0,52,0,0,0.0,M762-ki,account.cdc19136ed14449da2afe72e2ad80007,0,0.0,0,0.0,0,242,0,347.4015,4,14
1,1,8,46.560375,byplayer,1,1,15,1,1,59.3539,T-w-Phuc,account.7fbba4c63add4d51b5c24a0df99f24e6,0,4766.3716,0,0.0,0,1336,0,2016.092,12,6
1,0,5,67.20467,byplayer,0,2,27,1,1,5.0155044,Mengzai_,account.dbe22dd89ca84f81be519cb0936324b8,1,5680.828,1,0.0,0,1459,1,999.6794,12,4
1,2,4,193.77626,byplayer,0,1,18,1,2,40.80148,squallegoachede,account.acdfbac218424f3fadc8299aa0f38376,3,0.0,0,0.0,0,800,2,196.96532,20,6
1,0,5,71.98294,byplayer,0,1,51,0,0,0.0,huhatv_chaoren,account.eaf08da1af974e12a48b5f928eada7b0,0,5841.3867,0,0.0,0,1358,0,1010.4238,11,4
1,0,0,20.786446,byplayer,0,1,33,1,1,6.480938,7Qii-,account.f1a8b780bcfd421395ff4024a839a086,0,0.0,0,0.0,0,285,0,160.30177,8,14
0,2,6,117.523605,alive,0,8,49,0,0,0.0,MSG_O,account.5d2a5361678c4849bc6f2ea8b0560377,0,6476.2686,0,0.0,0,1510,1,931.0261,10,1
0,0,0,0.0,byplayer,0,0,81,0,0,0.0,Riby1,account.f44c3e37f8c1422684482b0572f01632,0,0.0,0,0.0,0,184,0,165.25964,2,20
0,0,2,0.0,byplayer,0,0,75,0,0,0.0,beiqinwo,account.a0371b1e314841bda255c0b559d67170,0,0.0,0,0.0,0,140,0,62.04548,2,19
0,0,0,0.0,byplayer,0,0,83,0,0,0.0,FcatBabe_1120,account.489333e913db4553a7d7f5babf51512b,0,0.0,0,0.0,0,154,0,119.59726,6,21
0,0,0,119.43318,byplayer,0,0,77,0,0,0.0,i7bbt,account.4c3d060e94ed4b51b596ff5f245dcfc0,0,0.0,0,0.0,0,195,0,247.97852,6,20
2,3,6,597.77234,byplayer,2,2,4,2,5,43.39294,a-e-c-c,account.d47f26f537ea4452b5661e265bbd6f86,0,0.0,0,0.0,0,830,0,232.14102,8,6
0,1,3,38.13,byplayer,0,0,55,0,0,0.0,Hxxlcdfu319,account.76ec68b54ddc4ffe86478145a840c9c7,0,639.0294,0,0.0,0,777,0,908.84607,7,8
0,0,0,0.0,byplayer,0,0,96,0,0,0.0,qghb80rex,account.f5178ea71e754b17afff874a252d6150,0,0.0,0,0.0,0,151,0,0.0,0,26
0,0,0,0.0,byplayer,0,0,98,0,0,0.0,Alpha_Bao,account.9794c3327e224da0888a62ec62b16925,0,0.0,0,0.0,0,98,0,13.084955,1,26
4,2,5,384.80002,byplayer,1,2,6,1,4,43.564102,iIiiiiiiiii_-,account.3d3df6763a8843a3ad97e753e977f6ce,1,718.9202,0,0.0,0,1183,0,760.14264,21,2
0,0,0,0.0,byplayer,0,0,93,0,0,0.0,Cnc_Xiaoerye,account.55d36cc024374791a0b46c0d94f262f0,0,0.0,0,0.0,0,101,0,10.056587,1,24
2,1,1,257.0,byplayer,1,0,11,1,3,22.689747,SunGRow_Iambert,account.c387b985b2bf42c386ef42c25400332f,1,0.0,0,0.0,0,189,0,94.92683,4,17
0,0,3,177.88,byplayer,0,0,32,1,1,35.21098,driveselu,account.f77e2fdddba2461e90fe5f1e0ad39581,0,2788.6672,0,0.0,0,682,0,1085.8356,8,10
0,0,0,0.0,byplayer,0,0,62,0,0,0.0,R4HL00,account.17dfb9d718e94cd4aaa4bedeb78d9221,0,0.0,0,0.0,0,166,0,87.3893,4,12
0,0,4,0.0,byplayer,0,1,52,0,0,0.0,congmingsile,account.fba65d3dce3d4211800c6c31629a9317,0,3386.56,0,0.0,0,1077,0,1447.9297,6,5
1,0,0,75.0,byplayer,0,0,91,0,0,0.0,io29-_,account.ad2a77ac622045e896def356069582ac,0,0.0,0,0.0,0,144,0,186.88576,2,24
2,0,0,220.73537,byplayer,0,0,39,1,1,8.45286,maziIloveyou,account.f1d3c47c559045f496e40912dfde2bbf,0,0.0,0,0.0,0,72,0,10.267146,1,24
5,2,5,508.39856,byplayer,1,2,5,2,4,47.362316,PNC_RyongMa,account.f698bd4597474c628770caae19e9118d,0,1332.1681,0,0.0,0,1361,0,858.47144,18,1
2,0,1,287.2419,byplayer,0,3,60,0,0,0.0,Rainoooing,account.827f60775f9c4dee9b363b887316c7fc,2,0.0,0,0.0,0,350,0,177.5259,6,12
1,0,0,100.0,byplayer,0,0,76,0,0,0.0,Xdp_one,account.87ff3d94d072430f95b294213d9115ac,0,0.0,0,0.0,0,106,0,38.376305,3,19
0,0,2,0.0,byplayer,0,0,61,0,0,0.0,zwbvery666,account.e83fcd1ccd354880adad3c8136d4bae5,0,0.0,0,0.0,0,292,0,111.70714,2,12
1,0,4,279.0,byplayer,2,1,10,2,3,8.773298,CZX142122,account.c46bf61b0edb4806b03610e6c3709966,0,877.0529,0,105.474815,0,696,0,1209.6617,7,10
0,0,0,0.0,byplayer,0,0,99,0,0,0.0,5777i,account.ebda5fde2c004a3ba520d1e3dd30730a,0,0.0,0,0.0,0,75,0,17.637934,0,26
1,0,4,200.70996,byplayer,0,1,29,1,1,30.128033,CaiGouSasa-_,account.2b0390338de846dba5c8c81834f8f4d9,0,3034.12,0,0.0,0,822,0,922.29456,7,7
0,0,6,51.4,byplayer,0,1,26,1,1,22.92968,5aD8H82D7,account.3198b3d6b78340128874d4662984f704,0,2006.3047,0,0.0,0,1469,2,1966.4498,14,3
1,1,0,153.28,byplayer,0,0,80,0,0,0.0,Da--Bian--Taiiii,account.5256b56afa8c4df7af566904e338a5b1,0,0.0,0,0.0,0,191,0,157.49516,1,20
1,1,0,258.00003,byplayer,0,0,23,1,2,6.8489556,zy0109_-,account.2ae5834838bb41ceb3c6434bd84895e5,0,0.0,0,0.0,0,211,0,200.44376,6,17
0,0,0,52.499996,byplayer,0,0,71,0,0,0.0,c1earlove-_,account.9ebb299b70f143b981ef73f2128f52e4,0,0.0,0,0.0,0,140,0,42.37407,1,17
0,0,0,38.954998,byplayer,0,3,59,0,0,0.0,lazy-cuicui,account.32a2d3bee3234f1a9cfb61e1d182f7d6,0,0.0,0,0.0,0,350,0,163.16286,2,12
2,0,0,240.63501,byplayer,2,0,25,2,2,18.736767,nNJXM0aP2qfF9,account.90f321126c5145308d629ff1a363b368,1,0.0,0,0.0,0,98,0,40.233,2,26
1,2,0,137.13696,byplayer,0,2,22,2,2,21.932978,NC--YC,account.fafaa3bd903544038c70bbf3f33a359f,0,0.0,0,0.0,0,231,0,123.39949,3,17
1,0,0,100.0,byplayer,1,0,38,1,1,4.733623,Best_Ar1k,account.a944e1e5655d4f699bdf1111016eb223,0,0.0,0,0.0,0,195,0,85.28202,5,19
6,3,1,610.8378,byplayer,0,0,8,2,3,20.954702,H7y-y,account.62a43e07010345768e43f6b3715c7235,2,484.04117,0,0.0,0,696,0,1359.2649,10,10
0,0,0,0.0,byplayer,0,0,70,0,0,0.0,im-longgege1003,account.3e2f9845bf7940c0baaa8b0c54f95741,0,0.0,0,0.0,0,222,0,209.47809,7,16
0,0,0,0.0,byplayer,0,0,87,0,0,0.0,4AMdamingxing,account.004138e46ca7444daf60dee51693032b,0,0.0,0,14.210733,0,145,0,84.45355,3,23
0,0,0,24.48,byplayer,0,0,90,0,0,0.0,NikoomeNa,account.260dfd2cbdce4c69a7e1a217566a1fa5,0,0.0,0,0.0,0,86,0,2.0007513,0,23
2,0,3,121.67169,byplayer,0,2,30,1,1,7.0865383,ReTurn__Az,account.fe19d30a9b0446f1891544c97f2de7ba,0,221.05176,0,0.0,0,777,0,913.20526,10,8
2,0,1,156.83028,byplayer,0,4,63,0,0,0.0,r9nwxqh,account.8ec2772ea82f4eafbfa35da4c2b445d5,0,0.0,0,0.0,0,323,0,471.32965,5,13
2,1,3,276.71255,byplayer,0,0,9,2,3,15.804795,DA-BU-LIU-W-W-W,account.f9644ebb76734da28789aeaf76cf9107,1,484.90085,0,0.0,0,696,1,1317.8972,7,10
2,0,0,230.20999,byplayer,0,0,24,2,2,1.1070768,Dnnnnnnn520,account.e70860c7e05e4866902d69f3a3fd0386,0,0.0,0,0.0,0,106,0,4.576811,1,25
1,0,6,142.57,byplayer,0,1,15,1,2,321.0139,1119Mars,account.56fb1d0331dc482f8ab86786c5ce8e43,1,5422.667,0,1.2837645,0,1364,0,1211.1958,8,4
0,0,0,0.0,byplayer,0,0,67,0,0,0.0,pang200204,account.f3723ef2238d4931aea9ce0ec9700d06,0,0.0,0,0.0,0,296,0,224.65714,2,14
0,0,0,0.0,byplayer,0,0,88,0,0,0.0,wang-xiaoyin-,account.4ab3f20cddfc4cb28b536993b612bb9c,0,0.0,0,142.8821,0,145,0,76.500534,0,23
1,0,3,327.12003,byplayer,0,0,16,1,2,64.79772,Skr_xiaonaigou,account.7bc367cb42994d179afe564c717db27d,0,4209.5215,0,0.0,0,1077,0,1486.8875,12,5
2,0,8,559.9531,byplayer,0,13,7,1,3,24.029922,YUNSUH,account.e2e03007182340f395ae9e02e8d72813,1,5323.688,0,0.0,0,1507,0,2588.177,9,2
0,0,0,0.0,byplayer,0,0,82,0,0,0.0,Drypull_1ds,account.984139fb6ad149bcba9819af24551d1e,0,0.0,0,0.0,0,116,0,23.377058,1,20
1,0,1,99.99999,byplayer,0,0,35,1,1,5.2148075,Tne_Gddddddd,account.00f95e40c7634b58a1ea3612b76e8df1,0,0.0,0,0.0,0,240,0,156.78876,4,16
1,0,0,115.86303,byplayer,1,0,36,1,1,7.200095,Jacklove-_,account.63139bbaf5ca49d09770691333846b3c,0,0.0,0,0.0,0,82,0,47.121376,1,17
0,0,0,54.486954,byplayer,0,1,79,0,0,0.0,1exy,account.0602aa4a82fc43e98c75f5948d90fce8,0,0.0,0,0.0,0,192,0,99.21533,3,20
0,0,1,42.252777,byplayer,0,0,72,0,0,0.0,xxxxxxxMk,account.150a5a95cfe548b2a970251f53bea139,0,0.0,0,0.0,0,206,0,149.78891,2,19
0,0,2,0.0,byplayer,0,0,53,0,0,0.0,Manam1,account.a7e6605bd59c4f0da92cfc2b69ecdd37,0,3587.4624,0,0.0,0,1077,0,1552.6335,10,5
0,0,0,52.499996,byplayer,0,0,97,0,0,0.0,whisperQBZ,account.4eba74aee6684c8fbbc9484f0c138575,0,0.0,0,0.0,0,98,0,9.762861,2,26
1,2,1,150.3815,byplayer,0,0,57,0,0,0.0,Lyzing_0,account.505d432ade4c499eab3550c1455d118e,0,0.0,0,0.0,0,431,0,231.3333,11,9
0,1,0,85.213554,byplayer,0,0,68,0,0,0.0,WuTiao_-,account.c2cd4581f9bc4f7190807dee2d60120c,1,0.0,0,0.0,0,296,0,383.09195,4,14
0,1,2,372.51352,byplayer,0,1,13,1,2,14.68145,FaNTA-TI,account.1ed712d0a9d441ddbf8d74d56a13d2b1,0,3777.7856,0,0.0,0,1476,0,1978.9187,10,3
2,1,1,173.28546,byplayer,0,1,37,1,1,4.6237464,SEJISHIK,account.45f1f70fd7b2491fb32576f09a979041,0,0.0,0,0.0,0,224,0,226.1658,4,18
0,0,0,0.0,byplayer,0,0,95,0,0,0.0,STS_179cm_18cm,account.0c3c79cad93d4b598f80fc0176603a82,0,0.0,0,0.0,0,162,0,0.0,0,26
6,2,10,709.9045,alive,0,6,3,1,5,139.15108,Korea_moomin,account.061103b0854d41b0bf2a56f3f1522421,0,4985.2676,0,0.0,0,1510,0,1660.4537,12,1
0,0,2,0.0,byzone,0,0,50,0,0,0.0,SNIPER__0__,account.e499a90d56574563a45570f3c9d659b6,1,649.1855,0,0.0,0,1057,0,532.8109,12,2
2,0,1,135.65958,byplayer,0,1,65,0,0,0.0,Super__Hon,account.1b16812abd8e453cab29cf41f02261de,0,0.0,0,0.0,0,323,0,281.30637,6,13
0,0,0,0.0,byplayer,0,0,84,0,0,0.0,quwuli233,account.899a7907afc04b2196f7d3feb9dbfc27,0,0.0,0,0.0,0,154,0,71.19171,1,21
0,0,0,0.0,byplayer,0,0,92,0,0,0.0,WildMan_Best,account.60233cb1c4ad452596821919534685d0,0,0.0,0,0.0,0,105,0,10.448345,1,24
3,0,2,160.84851,byplayer,0,0,20,2,2,49.770298,CheezeSUKI,account.0150a73e987f4233903a58c23fbeed87,0,3654.176,0,0.0,0,699,0,674.57526,9,9
0,0,0,0.0,byplayer,0,0,64,0,0,0.0,ohh_kat,account.23db5453298f4319b372417520260e4d,1,0.0,0,0.0,0,323,0,445.30917,4,13
0,0,3,147.0704,byplayer,0,4,54,0,0,0.0,XTX4,account.ff32c95208fd44b7bdc679192b53bdb9,0,1416.0629,0,0.0,0,640,0,430.9703,9,7
1,1,4,169.71996,byplayer,1,2,19,1,2,29.011047,elemeNt129,account.0dbc5a7d75644c129878a2bc7450a0b2,0,3125.8562,0,0.0,0,822,0,655.5104,6,7
0,0,0,0.0,byplayer,0,0,94,0,0,0.0,ASDAD_45,account.9ff533a931874d2a81323a6801533f9e,0,0.0,0,0.0,0,162,0,0.0,0,26
2,1,4,208.82999,byplayer,1,6,17,1,2,24.964487,xiaobaishijie,account.7f5328b0eaa441639e78eb1cea1e4246,0,0.0,0,0.0,0,855,0,360.72833,8,6
7,0,2,617.51715,byplayer,1,1,1,7,8,15.953899,Hajimi-pangBB,account.f9c0b83cf33c40628fed01531dbfc9d9,0,0.0,0,0.0,0,215,0,98.54607,2,19
0,0,0,43.2,byplayer,0,0,100,0,0,0.0,AeOQ-807,account.988532301a9d4376b814e57ee2980a25,0,0.0,0,0.0,0,70,0,2.7177691,1,26
0,0,5,202.2627,byplayer,0,2,14,1,2,274.51727,sorrysurry,account.14643eda09a84b4eac1bc7a19bd8fd61,2,2754.9094,0,0.0,0,1476,0,2092.3936,12,3
0,0,0,0.0,byplayer,0,0,78,0,0,0.0,Hello-Mykitty,account.d32ee62f2ee046abbe24a9fbed6146f3,1,0.0,0,0.0,0,195,0,139.19066,3,20
0,0,1,88.439995,byzone,0,0,56,0,0,0.0,Ws_DaXuan,account.2fdd549689594b5ea01efdce162cd0e7,0,489.72516,0,0.0,0,770,0,995.8539,5,8
0,0,0,0.0,byplayer,0,0,66,0,0,0.0,MaoBa_Rong,account.1cda2a86d25440dbb3dd4d8c88ccca68,0,0.0,0,0.0,0,304,0,225.66315,6,13
2,1,4,122.033905,byplayer,0,6,21,2,2,8.061209,1zBenZhu-_,account.12a2da80f9254402af3bcc471086835e,1,483.5756,0,0.0,0,696,0,1230.3475,14,10
2,1,2,246.76999,byplayer,0,0,31,1,1,62.18042,OH_chldmsgur,account.0e948d92063946838312a91a666468ba,0,3128.5447,0,0.0,0,672,0,637.4547,14,9
1,0,2,100.00001,byplayer,0,0,58,0,0,0.0,zhswer484,account.175089c13f9147818ebd88ee8c0cbdfc,0,0.0,0,0.0,0,452,0,618.70917,8,11
0,0,0,19.84042,byplayer,0,0,86,0,0,0.0,bulingbulingbu-,account.3b56109d838d4a358c2c4dfd0b7f70bc,2,0.0,0,0.0,0,154,0,89.70835,3,21
2,0,15,145.28886,byplayer,0,0,28,1,1,93.63909,Brue3,account.598fcd23812146b2bce5d181d24cfa73,0,4550.07,0,0.0,0,1323,0,1264.4247,17,4
2,1,6,205.863,byzone,0,11,12,1,2,90.41588,GEN_innonics,account.c4a5fd0e358245f48fafe8e773dab6ba,0,3668.1797,0,0.0,0,1194,0,1389.0476,19,2
2,0,0,186.78954,byplayer,0,1,34,1,1,30.843664,guduchinian,account.f95a55015ed84bb8a0d371a1f456f442,0,0.0,0,0.0,0,265,0,387.15997,3,15
0,0,0,0.0,byplayer,0,0,74,0,0,0.0,ZXYzxy-_005717,account.2e4ec79eb2724a7fb2f3f2feaff55006,0,0.0,0,0.0,0,177,0,124.34137,3,19
0,0,0,38.28,byplayer,0,0,69,0,0,0.0,Douyu27512288,account.5e804de296a64afd957b571b1f8a577f,0,0.0,0,0.0,0,296,0,318.4992,5,14
0,0,0,53.28,byplayer,0,0,89,0,0,0.0,WJ_Redamancy,account.bb4293226d6f406b8f5e2f4f70380c07,0,0.0,0,0.0,0,88,0,0.7870508,1,23
0,0,0,68.625885,byplayer,0,0,73,0,0,0.0,Curley-Lgq,account.e3bc40f7e13e4f88a61eff2a6e93f79b,0,0.0,0,0.0,0,199,0,82.61319,4,19
0,0,0,0.0,byplayer,0,0,85,0,0,0.0,Attack_LaoLiu,account.af6f10bf20924d749fdcd288c4d5710a,0,0.0,0,0.0,0,154,0,129.71152,6,21
4,1,6,578.22784,alive,2,6,2,3,6,145.31543,PLUT0_Ov,account.d2a75a7ff98e4bd6afd080fb6ab3ab49,2,4721.361,0,0.0,0,1510,0,887.6975,14,1
0,0,0,0.0,byplayer,0,0,44,0,0,0.0,Kang_Hui01,account.51cac3d9b63d4c3dae18ded5b09b76d6,0,0.0,0,0.0,0,169,0,147.7116,1,17
0,0,11,300.0,alive,1,1,4,1,3,58.781387,47_KarlwennnN,account.a4805e839e9e45a1ab3d7d9f9157c9e2,0,481.59335,1,0.0,0,1556,0,302.14624,11,1
5,0,5,567.55505,byplayer,0,8,2,2,6,30.245213,iiTzT,account.5834480292d84602b4e1cc4057e39319,1,1879.0441,0,0.0,0,646,0,992.06165,9,5
0,0,0,0.0,byplayer,0,0,53,0,0,0.0,Tuudou360,account.e2ca3f02914a4045b385be899c191e5b,0,0.0,0,0.0,0,118,0,1.7525824,0,21
1,0,0,94.36,byplayer,0,0,25,1,1,4.451105,Terminator_----,account.ae58292a6b3e44619b0ee19ebe803270,0,0.0,0,0.0,0,105,0,62.041473,3,20
0,1,0,81.899994,byplayer,0,0,57,0,0,0.0,TaoZiBoBoBo,account.e1956647241e497d906e454bbc23fd9f,0,0.0,0,0.0,0,68,0,4.6682262,1,22
1,0,0,100.0,byplayer,0,1,39,0,0,0.0,mql6a0me8q,account.16bdd44cc67b4f09b267a816d6d26a64,1,0.0,0,0.0,0,248,0,229.28558,7,14
0,0,0,64.90376,byplayer,0,0,54,0,0,0.0,so191919,account.d664a53dd9bc4fa89af150397d7ec1a4,0,0.0,0,0.0,0,110,0,10.222354,1,22
2,1,0,200.0,byplayer,0,0,22,1,1,11.48396,allseeingeyez,account.a214161ec22b4d1fbf727fb1d8a080a5,0,0.0,0,0.0,0,242,0,162.82579,5,13
0,0,0,24.6,byplayer,0,0,42,0,0,0.0,Ddeamer,account.65d5c8c54d1f4547a661e1cef6afff23,0,0.0,0,0.0,0,175,0,79.91005,6,16
4,0,0,421.0,byplayer,0,0,11,2,2,9.242781,seeyousomeday,account.4db81f88ff4e4b729b4a9c2396027ff4,1,0.0,0,0.0,0,161,0,55.60496,2,18
0,0,0,76.11,byplayer,0,0,47,0,0,0.0,Betray1me,account.bb888d799e8e43e082cf8aab4031df88,0,0.0,0,0.0,0,160,0,121.24568,3,19
1,0,1,100.0,byplayer,1,0,17,1,1,9.504199,ZY_Zz-,account.5e8e8567d1dc4b418a5074d2d2a41656,0,0.0,0,0.0,0,375,0,458.6742,6,9
0,0,0,0.0,byplayer,0,0,58,0,0,0.0,ShiWang-_,account.bce220101e57480e9aa0138b04dbc471,0,0.0,0,0.0,0,68,0,15.102129,0,23
2,0,0,236.69415,byplayer,0,0,48,0,0,0.0,wo4t1ngt1ngdegou,account.5cec9915c6844311811bc5ebf66c610c,0,0.0,0,0.0,0,129,0,51.32298,2,20
1,1,3,187.68001,byplayer,2,8,9,1,2,16.536577,Hz1iiiiiii,account.7f494f19150f4ea6a46926b2c13e7d27,0,0.0,0,0.0,0,283,0,228.91852,1,11
0,0,0,0.0,byplayer,0,0,60,0,0,0.0,XCKK_,account.364b9ad8b1bd438999ac3ad70ad22376,0,0.0,0,0.0,0,63,0,0.0,1,24
0,0,0,0.0,byplayer,0,0,62,0,0,0.0,b1eDogJ1ao_-,account.170b6788aee445aba96f95c649daf1a4,0,0.0,0,0.0,0,57,0,0.0,0,25
0,0,0,0.0,byplayer,0,0,51,0,0,0.0,sanpaoV,account.4e49371618714743be4a3fe3930f26fe,0,0.0,0,0.0,0,118,0,16.48895,3,21
1,0,0,26.4,byplayer,0,0,59,0,0,0.0,Chu9_-,account.d2dce9bbc8004768a795e92e5a90a056,0,0.0,0,0.0,1,63,0,0.0,1,24
3,0,2,387.12,byplayer,1,0,5,1,3,33.468315,JR1Kqwq,account.fad9716e70814213947b16cc7aacf30b,2,0.0,0,0.0,0,283,0,282.4198,4,11
0,0,0,92.81999,byplayer,0,0,56,0,0,0.0,XGALPHAZ_16818,account.1bff45100eb34968b5d22e75d4106459,0,0.0,0,0.0,0,90,0,19.578438,2,22
2,2,2,279.44,byplayer,0,10,35,0,0,0.0,wum1ngderen,account.b6f170ec98b5411a9930205e78bff461,1,0.0,0,0.0,0,283,0,129.72319,6,12
0,0,0,0.0,byzone,0,0,28,0,0,0.0,Ls_Oran9ezz-_,account.71e5174406864dc191ec2bcd4378c3b3,0,0.0,0,0.0,0,663,0,20.22762,0,4
5,0,8,1045.7072,byplayer,3,1,1,3,11,25.210749,chushengshashou,account.c473c99c8b2f49ed93ec636108bf1cdf,0,2869.2278,0,0.0,0,705,0,775.3814,10,3
1,0,0,100.0,byplayer,0,0,49,0,0,0.0,08N1anRollKing_,account.405c78760667402980c0ab0645c997a4,0,0.0,0,0.0,0,118,0,30.045835,2,20
3,0,0,308.56,byplayer,3,0,7,2,3,49.817596,BILIBILImaiy11,account.618629c045ef4ebdb27d265ff1f8e737,0,0.0,0,0.0,0,179,0,87.220695,5,15
1,0,0,100.0,byplayer,0,0,24,1,1,3.3570065,b1eJ1aodIe_,account.54294d15164b4ab3ac57e439c63c96b9,0,0.0,0,0.0,0,89,0,20.75251,3,14
0,0,0,0.0,byplayer,0,0,52,0,0,0.0,WOBUSHIWEIBAOZI,account.34aaf9c7ab1b427697a079cf1195cd9c,0,0.0,0,0.0,0,118,0,25.681265,2,21
0,0,0,54.000004,byplayer,0,0,61,0,0,0.0,HeiMaWangZi-_,account.ec630c64ea0848b69e727cc3f96327a3,0,0.0,0,0.0,0,63,0,0.0,1,24
0,1,0,0.0,byplayer,0,0,40,0,0,0.0,csfsafawdfwa,account.9fa62a9694dd4252ac6db882cf835203,0,0.0,0,0.0,0,185,0,39.92377,1,14
0,0,0,0.0,byplayer,0,0,37,0,0,0.0,atecnt,account.189ec6efcede4892ba6b8a702cf318c0,0,0.0,0,0.0,0,259,0,63.546104,1,13
1,1,0,100.0,byplayer,0,0,36,0,0,0.0,w2kupxx,account.8d8a4ff95d964900bec634969ce4ef13,0,0.0,0,0.0,0,281,0,109.1333,3,13
4,1,3,378.78204,byplayer,2,2,3,3,5,52.9624,0odhzd2a,account.ec1fbba2d86d405d8ab5739eefd9c6ae,0,0.0,0,0.0,0,432,0,414.3512,5,7
0,0,1,0.0,byplayer,0,2,33,0,0,0.0,zhuzhuxiahhh,account.0860192c6fdc4f51aa307210a1aa5807,0,0.0,0,0.0,0,324,0,281.91556,2,9
0,0,0,0.0,byplayer,0,0,31,0,0,0.0,jinjin-huahua,account.218bca6975964ebf9a686504a9887ffd,0,0.0,0,0.0,0,564,0,1276.7542,5,7
0,1,3,74.65147,byplayer,0,3,29,0,0,0.0,7nemm,account.89550bd261e94e21adcaaab346b52f12,0,1835.9312,0,0.0,0,646,0,919.11664,6,5
0,0,0,0.0,byplayer,0,0,55,0,0,0.0,MyDveil,account.dac83401f5ef4635aea496599fc3433e,0,0.0,0,0.0,0,98,0,24.961052,1,22
2,0,0,357.6,byplayer,0,0,6,3,3,22.461199,2zihwan,account.9c17002095f4443eaaf0ae20dd2391f6,0,0.0,0,0.0,0,137,0,41.89049,2,13
1,0,1,193.7123,byplayer,2,0,8,2,2,16.883274,HanBobooo,account.d81d87493da641048c8eded991a2c42e,0,0.0,0,0.0,0,395,0,340.6173,8,8
0,0,2,0.0,byplayer,0,5,38,0,0,0.0,MLDXGXJX,account.d175ae7b2d124ee3b6e966124e458996,0,0.0,0,0.0,0,248,0,88.76417,3,14
2,1,0,191.0,byplayer,1,0,20,1,1,3.5177011,king-of-7k7k,account.2c366a592d54427788b0fb6a3ca23216,0,0.0,0,0.0,0,278,0,343.48376,6,10
0,0,0,0.0,byplayer,0,0,45,0,0,0.0,lntr1gue,account.be585512db2c46e0a478356cea06ed42,0,0.0,0,0.0,0,165,0,36.641834,2,17
0,0,3,0.0,byplayer,0,3,43,0,0,0.0,plmm_M1ckeyOVO,account.ef269a9298c44c97b9f5882497775bbb,0,0.0,0,0.0,0,169,0,99.659645,2,17
0,0,1,24.0,byplayer,0,0,30,0,0,0.0,shenyezuiguo,account.baec9bed611f4ffbb9927d2c0f7940a0,0,2333.3352,0,0.0,0,572,0,569.99066,5,6
1,0,1,100.0,byplayer,0,0,19,1,1,2.6242929,ShibaDog-,account.84970a1f60c34c38b0e1ed9f9a007762,0,0.0,0,0.0,0,324,0,289.16162,7,10
0,0,0,55.458,byplayer,0,0,34,0,0,0.0,Zioxl7,account.fe8f33127a024adf81c08959c002b030,2,0.0,0,0.0,0,283,0,120.41395,2,12
0,0,0,0.0,byplayer,0,0,32,0,0,0.0,Xxxx_pangsen,account.7ed10747f12140448dc04e2ae62208b3,0,0.0,0,0.0,0,426,0,231.5592,10,8
0,0,1,26.280003,byplayer,0,1,46,0,0,0.0,704k,account.44d3f459f28d46ad90981d709a73d1c0,0,0.0,0,0.0,0,161,0,51.84715,2,18
0,0,11,127.24878,alive,0,0,13,1,1,8.005257,ZhenGYi_LuXxxxxx,account.1c94f005ab51461191a5ab64498056c0,0,3896.2922,0,0.0,0,1556,0,3227.6477,8,1
0,0,0,24.0,byplayer,0,0,27,0,0,0.0,LMJye,account.b6f016a814f94766b45ee5fbb8c74396,0,0.0,0,0.0,0,326,0,450.98767,5,1
0,0,0,0.0,byplayer,0,0,41,0,0,0.0,steam-AK98,account.5eb1655af432406e8020c45b1d2b7272,0,0.0,0,0.0,0,156,0,50.82783,2,14
1,0,0,105.27139,byplayer,0,0,18,1,1,25.108997,ChuanJun-00000,account.48bf9d6dac114516970c9e5d418a2d50,0,0.0,0,0.0,0,325,0,297.5324,7,9
0,0,0,0.0,byplayer,0,0,50,0,0,0.0,Suuuuuuuuuzy_-,account.2f3ed0a801074deda9f2e18b6c087cdf,0,0.0,0,0.0,0,89,0,22.407618,2,20
0,0,3,114.54379,alive,0,0,12,1,1,26.363585,sao-sheng006,account.9422332b8e214539a0aea4b96af7386c,1,7300.2036,0,0.0,0,1556,0,2492.6284,14,1
0,0,0,201.47989,byplayer,1,1,10,1,2,12.198856,Lx95_-,account.fd19515ea94c4d99bb6e45020707ccb6,2,0.0,0,0.0,0,283,0,130.96588,3,12
1,0,1,100.0,byplayer,0,1,21,1,1,6.409253,PeRo_57kg,account.1031db0f4e00487ca36329fdbb825782,0,0.0,0,0.0,0,229,0,127.990166,4,12
1,0,11,227.06953,byplayer,0,3,14,1,1,4.25779,SixNine_SprinG,account.0b7897378b5947d98ed7d9030f931e18,0,4959.957,0,0.0,0,1553,0,1971.9695,12,2
2,0,2,200.0,byplayer,0,1,23,1,1,10.78786,AHan-3997,account.1a377322a98447758afb5133f7d290c8,0,0.0,0,0.0,0,209,0,139.45686,6,14
0,2,2,184.4523,byplayer,1,1,16,1,1,2.7223306,Mei2y_,account.3f62872ace6e4a72a619750876e93d1f,1,0.0,0,0.0,0,385,0,645.46875,6,5
0,2,5,209.14499,byplayer,1,2,15,1,1,5.284925,Artist107,account.84a7fa06d2d648f3add9e5fa86acfc0c,2,1825.6227,0,0.0,0,646,0,966.56305,12,5
0,0,2,100.0,byplayer,0,1,31,1,1,29.453564,Torreswiin,account.30c64c2809a842629d5f7c1a23bd7215,0,0.0,0,0.0,0,266,0,226.1739,4,35
0,0,0,0.0,byplayer,0,0,117,0,0,0.0,Kwonbaek,account.2e9d6bd4eee64aa4b4025f9055d07621,0,0.0,0,0.0,0,189,0,188.3305,3,39
1,1,10,384.94507,byplayer,1,3,11,1,2,91.76487,Bampi777-7,account.64e1a694e54049c38f11d8abd3d96b69,0,4884.1704,0,0.0,0,1307,0,1430.0704,8,2
1,0,6,180.51187,byplayer,0,2,22,1,1,44.98193,Bnajera,account.3589be8411e64db39104a53c1b0b1b76,0,7474.073,0,0.0,0,1294,0,1162.6172,13,9
2,2,7,197.63126,byplayer,0,5,13,1,2,125.90789,PriingleZ,account.a7feaf2e78f444ef8f295b6725210c53,0,3913.19,0,0.0,0,1341,0,2149.292,8,6
2,1,0,377.40002,byplayer,2,0,9,1,3,72.29964,Zrzcurry123,account.3883123326ea4507a7ea6c79b0b8a251,0,0.0,0,0.0,0,220,0,134.87027,4,32
0,0,6,0.0,byplayer,0,8,90,0,0,0.0,NicoleMeini,account.10105871304548018741e5dd4322dd41,0,2928.8591,0,14.389993,0,804,0,790.7291,7,17
1,0,0,123.76,byplayer,0,0,110,0,0,0.0,michaelbws,account.218c60f337c24b878ca7749487de715d,0,0.0,0,0.0,0,191,0,99.02712,1,33
0,0,0,19.535309,byplayer,0,1,85,0,0,0.0,kodol_pa,ai.379,0,0.0,0,0.0,0,1224,0,4215.056,0,14
0,0,1,162.28868,byplayer,0,4,93,0,0,0.0,Bb3245,account.e25d118175e24863be731a639d966b6b,0,2417.9426,0,0.0,0,923,0,1221.816,4,22
1,0,2,100.0,byplayer,0,1,82,0,0,0.0,CAPTAINKoatas04,account.31e6fc599edb444687819e36be385d82,0,4129.1997,0,0.0,0,1163,0,1671.1378,11,13
0,0,3,0.0,byzone,0,1,99,0,0,0.0,IFc_nm,ai.376,0,0.0,0,1680.2567,0,991,0,1726.9131,0,25
0,0,0,83.28,byplayer,0,0,115,0,0,0.0,portableks,account.68a46de93e084fa99cb32f28443e30dc,0,0.0,0,0.0,0,116,0,0.30121332,1,37
0,1,2,50.4,byplayer,0,2,78,0,0,0.0,Yaza_Lupan,account.527cbf5c2b4240338087abf15d636244,3,5060.028,0,0.0,0,1227,0,2367.65,10,8
0,0,3,91.14,byplayer,0,0,103,0,0,0.0,BastianWoW,account.cfb8fd0bc84a43898298b9ee10ddf19c,1,0.0,0,0.0,0,513,0,315.68695,4,28
4,2,3,622.77875,byplayer,2,1,2,1,7,247.7611,Hakkunni-Twitch,account.debaa56e31454c94be7c62fff7239a35,0,0.0,0,0.0,0,1262,0,147.75023,10,10
0,0,0,0.0,byplayer,0,0,119,0,0,0.0,shangxuu,account.9ae3bf9661a1431ebeb6ae9ccc3a4eea,0,0.0,0,0.0,0,129,0,113.99167,2,41
1,0,5,109.111,byplayer,1,11,16,2,2,22.54018,Sexygreatkha,account.7723caabc8454c7ba28987e654433a47,0,5698.95,1,63.446922,0,1039,0,1429.2019,7,18
0,0,0,0.0,byplayer,0,0,123,0,0,0.0,III-_DADAS_-III,account.0287c09b90494023a706860bb0e82ac8,0,0.0,0,0.0,0,96,0,28.473547,1,43
1,2,7,213.48125,byplayer,0,17,25,1,1,6.4327374,SORRY_NOOB-_-,account.68f7bd5fd6b14ed8842d2e5aa3c1ef3a,1,6446.265,1,31.075377,0,1005,0,1495.918,6,18
0,0,1,122.00644,byplayer,0,0,102,0,0,0.0,Svitycz,account.bbe09f28173a4bbba3427fe67f5dc477,0,0.0,0,0.0,0,572,0,250.87006,3,28
0,0,0,0.0,byplayer,0,0,98,0,0,0.0,jkm11_23,ai.373,0,0.0,0,0.0,0,551,0,1848.5391,0,24
2,0,4,358.6958,byplayer,1,2,5,2,5,367.35696,P0ll0c4n4ri0,account.ea7ac6c48fe046cc85c61f91cc474c6b,1,5421.2393,0,0.0,0,1247,0,1692.062,8,3
3,3,6,960.16504,byplayer,4,2,1,3,10,248.44565,Tarrythorodin,account.8055f8869d884427983a482df5ec743d,0,5199.3677,0,0.0,0,1519,0,2173.7046,11,3
0,0,0,0.0,byplayer,0,1,108,0,0,0.0,Flavius0798,account.548c0067b7664300ae148382532066db,0,0.0,0,0.0,0,380,0,592.8327,5,31
1,0,2,119.619995,byplayer,0,1,24,1,1,16.527517,0Lifeysee,account.8fafa041af144577b4a2821fd365889b,0,2732.8484,0,0.0,0,790,0,590.86554,6,11
2,0,3,182.16301,byplayer,0,3,14,2,2,8.281155,Babusin_Pivnuk,account.386eec820efc48988f8e58d5f241422c,0,5718.4736,0,0.0,0,1312,0,1966.4069,5,8
0,0,3,139.34116,byplayer,0,8,28,1,1,10.608171,BoomBadAnuz,account.163158fa89864f9f81c11c0db29521e9,0,1088.3124,0,0.0,0,765,0,1452.5796,10,26
1,0,1,298.35294,byplayer,0,5,89,0,0,0.0,The_Black_Sheeep,account.c63843ea92df4df68269d96239f90369,0,0.0,0,0.0,0,964,0,1436.4934,7,16
0,0,0,0.0,byplayer,0,0,122,0,0,0.0,atherhere,account.818f09ba7b5b48f4a6c35e61f34d7fae,0,0.0,0,0.0,0,116,0,9.047879,1,42
1,0,0,100.0,byplayer,0,0,32,1,1,13.557042,MrTrollzan,account.8f70ad724e124f2fb84b9e6413634058,0,0.0,0,0.0,0,266,0,183.63873,4,35
1,0,3,161.08783,byplayer,0,4,92,0,0,0.0,Erop41k_,account.83fd897515cb4ccc84105bdbf1d8bedd,0,6412.236,0,0.0,0,1023,0,1261.7162,8,19
4,0,7,606.2405,byplayer,3,5,6,2,5,76.44463,Yc4_Eric,account.dc2c3efdf0aa4106a7ca387bd83e43f9,0,3222.6633,0,0.0,0,1053,0,2013.5988,9,17
0,0,3,0.0,byzone,0,2,95,0,0,0.0,Knewd_one,ai.374,0,0.0,0,2577.097,0,1031,0,1268.6935,0,23
0,0,0,0.0,byplayer,0,0,118,0,0,0.0,nesasone,account.702536ccf9e54fac879c89af271199a2,0,0.0,0,0.0,0,205,0,156.16965,6,40
0,0,0,0.0,byplayer,0,0,120,0,0,0.0,EasyLovvee,account.6d86e5821df64136b3517c305a1fbf34,0,0.0,0,0.0,0,95,0,23.345545,2,41
1,1,4,134.0,byplayer,0,0,79,0,0,0.0,R_ICARDO_S,account.c0e2735f8ef24e4bbbc43b6f721b1559,0,4947.286,0,0.0,0,1228,0,1640.91,11,11
1,2,0,197.31435,byplayer,0,0,15,1,2,184.93925,Celes_,account.16589189ec7b4e15b93ee1be06b1d8b7,0,0.0,0,0.0,0,1166,0,67.698524,5,10
1,0,1,250.141,byplayer,0,0,23,1,1,25.908691,hectortt19,account.3387b9579b6a40499b7e4237f5eb461e,0,8165.4507,0,0.0,0,1294,0,1199.6299,11,9
1,0,0,0.0,suicide,0,0,96,0,0,0.0,ZZW_like,ai.375,0,0.0,0,0.0,0,335,0,0.0,0,23
2,0,8,362.10458,alive,0,1,4,2,5,118.44764,Phandow,account.14cb72bdaa1544179c004137db01c3c4,0,4861.2637,0,0.0,0,1571,0,1748.899,9,1
1,0,0,100.0,byplayer,0,0,33,1,1,28.872381,kaspe-r-,account.9b992b38fd814d868c823ee46427f9b7,0,0.0,0,0.0,0,257,0,96.137405,2,37
0,0,1,64.16971,byplayer,0,1,83,0,0,0.0,NIK_MRT,account.e1a53e2bb48042fa8fc11981b0265310,0,3653.221,0,0.0,0,862,0,1834.2114,6,13
0,0,4,0.0,byplayer,0,1,84,0,0,0.0,ABS_12-32,ai.378,0,0.0,0,0.0,0,1260,0,3310.434,0,14
1,1,2,132.83943,byplayer,0,2,101,0,0,0.0,Tuvieha,account.8bfcbb2ca90144a3945d45a922a940aa,0,0.0,0,0.0,0,618,0,722.1443,9,27
1,0,0,100.0,byplayer,0,0,36,1,1,29.473045,Fejk7,account.327d99c5688547a98089c065263172af,0,0.0,0,0.0,0,187,0,205.48486,5,40
0,0,4,0.0,byplayer,0,1,86,0,0,0.0,Nohiczky,account.643764a89266473d802f5dd561d05706,0,675.2793,0,0.0,0,1074,0,3638.9734,9,15
1,0,1,222.59998,byplayer,1,1,8,2,3,18.562254,Please-1998,account.cfb32a288bad418cbaa29687817e659f,0,1145.9692,0,0.0,0,374,0,458.21347,11,32
0,0,0,91.90349,byplayer,0,0,121,0,0,0.0,MilanceLA,account.ffe72b55c47249eb9fe52e29c332e803,0,0.0,0,0.0,0,123,0,32.173073,1,42
0,0,0,0.0,byplayer,0,1,113,0,0,0.0,Tupermen,account.ad8fdc06c7f44eb890162754dba2ecbe,0,0.0,0,0.0,0,257,0,174.70041,3,36
0,0,1,50.04,byplayer,0,0,107,0,0,0.0,Goldenasz,account.b57bb9e599384187b407b7d708ac1503,0,0.0,0,0.0,0,511,0,344.77237,9,30
1,0,1,150.84846,byplayer,1,0,17,1,2,61.73399,SrVazquez,account.289954a5e9c8414784726ab24a02b146,1,0.0,0,0.0,0,493,0,538.9983,9,27
1,0,2,197.91501,byplayer,0,1,27,1,1,28.73605,Berletttttt,account.fabd1f22fb6242daa86804d0ddca7ab6,0,7701.037,0,0.0,0,1014,0,1500.0038,5,20
0,0,0,25.199999,byplayer,0,1,114,0,0,0.0,DSGCADDY,account.bb321336b742473eb03376e974caed30,1,0.0,0,0.0,0,257,0,135.55434,3,36
1,0,6,185.7684,byplayer,0,1,80,0,0,0.0,tabutcumanus,account.907384d8f5ed4efcbc37fbe946c80250,1,0.0,0,0.0,0,1181,0,2111.8757,18,12
0,0,0,0.0,byplayer,0,0,109,0,0,0.0,Roflcopter93,account.305d3bd2148b494291023278cde1fe50,0,0.0,0,0.0,0,329,0,263.01727,6,33
0,0,0,0.0,byplayer,0,0,124,0,0,0.0,droplet123,account.b746017da0bb4a07bdc33a8cb164c744,0,0.0,0,0.0,0,96,0,85.436676,1,43
0,0,0,0.0,byplayer,0,0,100,0,0,0.0,ice198410_13,ai.377,0,0.0,0,0.0,0,350,0,510.21634,0,25
0,1,6,75.6,byplayer,0,1,76,0,0,0.0,GerKanSK,account.cce07e5099e24cb59869c578d57ec6eb,0,8935.354,0,0.0,0,1457,0,1100.8545,8,5
0,0,1,48.84,byplayer,0,1,105,0,0,0.0,9RUXLAN9,account.2ba6a437a4f7445abe7afd75cd86d532,0,0.0,0,0.0,0,569,0,1382.9342,4,29
1,0,2,116.35258,byplayer,0,3,29,1,1,30.296555,CptCamper,account.515b1653599e46d78147ea5290177683,1,1194.4877,0,0.0,0,765,0,1628.2766,6,26
0,0,8,110.171585,byplayer,0,3,81,0,0,0.0,Yaman785,account.9c1236a1e5384438930322315427d779,0,0.0,0,0.0,0,1093,0,2170.7256,4,12
1,0,2,136.95773,byplayer,0,0,26,1,1,7.267794,CastorTroyy,account.2056d9fe6f744827bb4cca376e0a18e3,0,7702.573,0,0.0,0,1014,0,1589.5608,6,20
2,0,5,194.1386,byzone,0,5,12,1,2,50.922558,TurkishArchitect,account.2361c41df4e141b5ac66e4830de16a2c,0,1693.8231,0,0.0,0,1462,0,2596.4014,7,4
0,0,0,128.79999,byplayer,0,0,35,1,1,18.31327,John_SAW_Cramer,account.9b3427dc150c4e95831ae98a14af816c,0,0.0,0,0.0,0,223,0,237.5575,4,38
3,0,8,659.55457,byplayer,0,2,3,2,6,42.375763,DerSonderbonbon,account.62131f62056c49118799af51b3172b62,0,0.0,0,0.0,0,1203,0,1055.6271,18,6
2,2,6,251.05255,byplayer,1,15,19,1,1,17.265928,Gol-Ge_01,account.65ca6a0be29f45cc874e723605bf31e5,0,1795.2828,0,0.0,0,1466,0,2245.0928,5,4
1,0,0,160.48001,byplayer,0,0,116,0,0,0.0,Heissi160,account.8621461aafa44900a1b920b099f22231,0,0.0,0,0.0,0,208,0,67.0996,5,39
0,0,3,79.2,byplayer,0,1,91,0,0,0.0,harda8vh9x4,account.815aa5950e7b40e58baef54a6ed32ab1,0,4692.2236,0,38.30708,0,1024,0,1434.7156,5,19
0,0,2,0.0,byzone,0,0,97,0,0,0.0,gasdhtw,ai.372,0,0.0,0,0.0,0,1008,0,3936.8918,0,24
0,0,0,24.930666,byplayer,0,0,112,0,0,0.0,Avicii_miss,account.062c6cb1763c40b3a33786c31de7f46b,0,0.0,0,0.0,0,279,0,322.04327,5,34
0,0,4,132.66473,byplayer,1,1,18,1,1,56.724316,StickmanXXX,account.43f40523cc9a4a9c9713297d6a8fed60,0,7992.6133,0,0.0,0,1433,0,1909.5497,4,2
0,0,2,0.0,byplayer,0,0,106,0,0,0.0,SwirQ,account.4e1e32f6a9d04ded84b5d8d56d7daf02,0,0.0,0,0.0,0,511,0,523.8207,7,30
1,0,9,158.5,byplayer,1,0,21,1,1,221.17905,GRlNDELWALD,account.58179011a68549e2ad5e0425833ad174,0,6352.0273,0,0.0,0,1329,0,1624.7477,9,7
1,0,2,170.119,byplayer,0,0,30,1,1,49.062286,VasiuAndrei98,account.5910abdb7af1454f80d8e624806641ac,1,0.0,0,0.0,0,380,0,490.45715,6,31
2,0,8,401.1785,byplayer,0,6,7,2,4,53.984737,Bazieka,account.91f513bba2c349bcbd1a59c10a9479db,0,4324.68,0,0.0,0,972,0,1002.1678,8,21
0,0,3,0.0,byplayer,0,6,87,0,0,0.0,MazerCZ,account.e140d61a8f3045ddb9c63c919553e90b,0,671.0211,0,0.0,0,1074,0,3419.1707,13,15
0,0,0,69.1047,byplayer,0,1,111,0,0,0.0,Katzesekhmet,account.78cffe85cee545368848b2dafaf20170,0,0.0,0,0.0,0,287,0,269.62488,7,34
0,0,7,24.200804,byplayer,0,0,77,0,0,0.0,KER1MOGLU,account.90ecac05ff994fe788a1b2e2831a7792,0,4868.4517,0,0.0,0,1329,0,1721.5895,9,7
0,0,7,24.400002,byplayer,0,0,20,1,1,5.403359,vrah255,account.b5d17252284e477f9a04cf1cf06d5e40,1,8920.36,0,0.0,0,1457,0,830.02795,5,5
1,0,0,129.09084,byplayer,0,0,34,1,1,29.734726,TomCruiseMI007,account.3b08dcef013443b2bf83b430a18293f3,0,0.0,0,0.0,0,223,0,218.00763,10,38
1,1,4,279.19608,byplayer,1,0,10,1,2,249.1518,DerDeniz,account.cfab72e62cfb495b8fbed1c8e5cdf522,0,5324.9644,0,0.0,0,1469,0,2111.2659,8,1
0,0,1,120.045,byplayer,0,0,104,0,0,0.0,NazikBoss,account.e714171f5ebe4e98b8421f791265bdd2,0,0.0,0,0.0,0,569,0,1192.9156,6,29
0,0,6,57.18518,byplayer,0,3,88,0,0,0.0,Sens_Daaft,account.821fda71f9aa4fa7b2152eb4d62a3ed6,1,0.0,0,0.0,0,1073,0,2180.8303,8,16
0,0,2,47.227337,byplayer,0,2,94,0,0,0.0,To4opad,account.6dbc80e0ff1c4fb2a6b880949296c693,0,2635.1045,0,0.0,0,923,0,1161.4519,7,22
0,0,0,1010.16626,byplayer,2,0,10,2,10,56.45978,Zyjzrc,account.477d45132f3244f0912f12698cab1397,0,0.0,0,0.0,0,541,0,0.0,1,2
0,0,0,209.58711,byplayer,1,0,17,1,1,2.887495,Acheron-42,account.1d13c9e2a8784ecaa54dc139928ca7d6,0,0.0,0,0.0,0,541,0,0.0,1,2
0,0,0,123.76,byplayer,1,0,18,1,1,57.18633,dapao987654321,account.9892c72a93284a28907195c25774de2c,0,0.0,0,0.0,0,537,0,0.0,0,2
0,0,0,1437.3536,byplayer,3,0,5,2,14,20.41772,DP_Xhit,account.ae46c9ebba644c20a46bf25f42ecae36,0,0.0,0,0.0,0,541,0,0.0,0,1
0,0,0,1598.2422,byplayer,8,0,2,4,18,111.78683,shiyh4444,account.86356020a453467aa5db9cf565c16b6e,0,0.0,0,0.0,0,541,0,0.0,0,1
0,0,0,1653.7169,byplayer,3,0,6,5,14,46.519077,,account.6cfd9c4fe86b471ea60b39172554f3be,0,0.0,0,0.0,0,358,0,0.0,0,1
0,0,0,2645.8408,byplayer,8,0,1,4,22,64.4697,WangGui_-_,account.f8fec3bbeddb4cd48ee2b21e4d976ee2,0,0.0,0,0.0,0,541,0,0.0,0,2
0,0,0,1740.7787,byplayer,3,0,3,3,18,58.479347,LYB-XIAOYA,account.e453ea2639e943b29cfe001003fca964,0,0.0,0,0.0,0,541,0,0.0,2,1
0,0,0,1040.672,byplayer,1,0,11,1,9,67.64459,Zong_tan,account.5b1831b46e4e47a48c84f53cacf55ba2,0,0.0,0,0.0,0,541,0,0.0,0,1
0,0,0,1272.7844,byplayer,4,0,7,3,12,55.63764,SF-LEE-SJ,account.82547324e3094e418eb94701ba3107cc,0,0.0,0,0.0,0,541,0,0.0,1,2
0,0,0,1698.6003,byplayer,1,0,4,3,15,70.63312,ZQY07_,account.7d84faa9209546b586d677dc4199b5b3,0,0.0,0,0.0,0,541,0,0.0,0,2
0,0,0,1703.886,byplayer,3,0,9,4,10,66.39965,Ccykszzzz,account.c529876029534f9798dc57a0959dade5,0,0.0,0,0.0,0,541,0,0.0,0,2
0,0,0,689.9819,byplayer,3,1,13,1,7,72.74224,XXXY160848,account.d2421ca930b245e680af4479f692d051,0,0.0,0,0.0,0,541,0,0.0,0,1
0,0,0,1251.9889,byplayer,5,0,12,2,8,57.606964,haolingou,account.7497818857a24068ba122671611deed0,0,0.0,0,0.0,0,541,0,0.0,0,1
0,0,0,1335.215,byplayer,0,0,8,3,11,78.64918,taibaiyouxin,account.1971515035ad4bf58e2e61c2a71e2200,0,0.0,0,0.0,0,541,0,0.0,0,1
0,0,0,364.67496,byplayer,0,0,15,1,2,27.834488,,account.f91666eb08d643adbcdecf9c29e3ddca,0,0.0,0,0.0,0,310,0,0.0,5,2
0,2,8,278.91937,byplayer,0,3,61,0,0,0.0,wgxa74v6,account.855becbcd88441b894cc1e2c10c4a855,0,2610.2397,0,0.0,0,1453,0,2145.136,13,4
0,0,3,154.72075,byzone,0,0,26,1,1,19.635807,san--wu0912,account.708cac1048884b048d386a4ae33c3ab3,0,3045.1917,0,0.0,0,1463,0,2709.7166,8,4
1,0,8,151.43803,byplayer,0,5,27,1,1,7.0978727,K-hao630,account.0b7723acca524cc7b9fb4458ec978430,2,1645.2948,0,0.0,0,1379,0,88.93608,10,5
0,0,1,17.5275,byplayer,0,0,80,0,0,0.0,oldBingBang,account.1ada000b0a224f9187a304faad333128,0,0.0,0,0.0,0,396,0,443.8631,5,15
0,1,0,94.85178,byplayer,0,0,97,0,0,0.0,Teddybear-86,account.344c3d8df32244a08e702201d18764cd,0,0.0,0,0.0,0,91,0,19.28742,3,25
0,0,5,46.8,byplayer,0,0,76,0,0,0.0,ygyiaf69ig1,account.d5a4e023a1594f6c94366920d9a9eec0,0,5633.442,0,0.0,0,821,0,669.3671,6,14
6,2,6,717.92346,byplayer,0,3,1,2,6,116.80472,WOLAIJIUYOUYIMA,account.bfb3ecb20370467f834e328275e71462,2,4577.1797,0,0.0,0,1464,1,1295.6915,16,3
3,0,0,178.44743,byplayer,0,0,92,0,0,0.0,diy9527ck,account.51ec715680374437afefd8000dfae82d,0,0.0,0,0.0,0,155,0,47.875607,4,22
0,1,3,54.18,byplayer,0,1,67,0,0,0.0,dQoOb,account.86fe345dd3394af2ba8843e77107713c,1,6856.2017,0,0.0,0,1214,0,1273.3828,7,9
0,1,7,337.7758,byzone,0,13,14,1,2,18.932484,ilinger,account.b59a7a26ea9848f5b26d1ac075202f10,1,3397.8582,0,0.0,0,1277,0,827.073,17,2
2,0,3,424.1325,byplayer,0,1,72,0,0,0.0,Aries-lady,account.f513b75e948347b5bfb6caa96bbf2d6b,0,2724.375,0,0.0,0,1035,0,1245.9493,15,11
1,2,13,360.62268,byzone,1,8,3,1,4,81.498024,Ezio-Lyy,account.8a06eb1215ec4f71ac96c32f5c9f458d,2,3477.722,1,0.0,0,1625,1,1779.7234,10,2
0,4,15,399.61465,alive,0,3,57,0,0,0.0,chenziyu110,account.697b747b58354e6391da25a1e3e2ee96,0,3066.0237,0,0.0,0,1628,2,2757.6318,8,1
2,0,0,200.0,byplayer,0,0,49,1,1,10.155565,liuZZZZZS,account.10d4ba096c0443d3bda230462a08152d,0,0.0,0,0.0,0,136,0,102.183136,1,24
0,1,5,0.0,byplayer,0,0,79,0,0,0.0,NiShiZhh,account.d4f01b1f5d5e43b4a5e82401a0df6f38,0,0.0,0,0.0,0,734,0,754.7894,11,15
0,0,0,77.4,byplayer,0,0,74,0,0,0.0,Momsg,account.bd725227f8c246beaf17d347b0e9886a,0,6174.003,0,0.0,0,841,0,792.32275,7,14
0,0,0,28.8,byplayer,0,0,83,0,0,0.0,jiwon_970828,ai.261,0,0.0,0,0.0,0,811,0,931.28,0,16
0,0,10,86.80359,byplayer,0,3,63,0,0,0.0,herij41,account.4314aa072caa43df97f2f54d23bc28fb,0,1757.0004,0,0.0,0,1345,0,120.3883,10,5
0,0,3,26.818277,byplayer,0,1,75,0,0,0.0,GM_LT,account.d74e62b995a44daa990e6a2a587f6b65,0,3963.324,0,0.0,0,841,0,548.0844,11,14
2,1,8,450.56818,byplayer,2,3,17,1,2,4.451214,xiaoyuyayou,account.be1eada2e71749b188166c62d740527c,1,7098.814,0,0.0,0,1347,0,1253.455,10,6
2,1,5,539.29364,byplayer,0,2,12,1,3,36.73643,dSu1znoo84,account.8f607d7a81ee42f2bc39c9bb3408ffe0,0,2567.7146,0,0.0,0,890,0,1264.9326,11,13
2,0,1,142.72162,byplayer,0,1,24,1,2,13.836029,liuyong03,account.fa2614f06d8d49daae7c65666c54801f,1,0.0,0,0.0,0,278,0,183.19713,5,22
0,0,0,0.0,byplayer,0,0,90,0,0,0.0,Andy-Aimee,account.8a8ffe7f096e49feaa777dd64b0367e1,0,0.0,0,0.0,0,209,0,157.44232,4,21
1,0,9,305.43875,byplayer,0,3,30,1,1,34.64505,jak6983,account.21546a835b1b494a9893883952e2530b,0,7478.0776,0,0.0,0,1213,0,1359.3024,10,9
3,1,3,389.94287,byplayer,0,2,9,1,3,363.30215,xlp5fh2jr9,account.09254c84394e4ebe876ca875dc4b41f7,0,3231.5437,0,0.0,0,1497,1,1600.1559,6,4
2,0,2,104.24002,byplayer,0,0,23,1,2,23.146797,MorningBo,account.eab2a4238e6641d89b23247f7724f2ab,1,0.0,0,0.0,0,290,0,418.5279,5,20
0,0,1,0.0,byplayer,0,0,84,0,0,0.0,CN_NorthenLee,account.f2d7fe5b206d4876890a3cad59754f9f,0,0.0,0,0.0,0,343,0,456.4973,8,17
2,2,5,221.30725,byplayer,0,5,65,0,0,0.0,jimin6898316,account.71a7db6c925f4e208fe26585aee528ee,0,979.84436,0,0.0,0,1031,0,944.90924,17,7
4,2,6,515.7811,byplayer,0,3,8,1,3,94.78592,Woosung_21cm,account.068a00e5daf845dd89b3435bc121da81,0,4145.429,0,0.0,0,1575,1,1578.7136,16,3
0,0,9,77.13117,byplayer,0,7,69,0,0,0.0,dlq1dgjrqq,account.255fad7baab747fcbe612ba7e673fed8,0,1243.7192,0,0.0,0,1168,0,691.498,13,10
0,0,2,0.0,byplayer,0,0,71,0,0,0.0,G_wave_,account.a83c96ec8b164487b06f37792bf83dec,0,0.0,0,0.0,0,528,0,5.4075494,10,10
4,0,13,405.42108,alive,2,5,2,2,5,60.126984,STEAM355,account.dabf2187dbe84d52936a2a0e41dd1751,1,3158.3518,0,0.0,0,1628,1,3056.757,14,1
0,0,0,51.11509,byplayer,0,0,87,0,0,0.0,Mr-bin999,account.8296636b05704a4790b08ddb32c49f10,0,0.0,0,0.0,0,132,0,99.619286,3,18
1,1,4,303.52472,byplayer,0,3,62,0,0,0.0,dao12312,account.ad7ed2d8519148bc81335d86aae4b2ab,1,2868.897,0,0.0,0,1311,0,2234.2937,10,4
2,0,3,200.0,byplayer,1,0,22,1,2,4.221196,CallMeSirPls,account.4b7249ed7ffa4293a4b69582382a51fb,1,0.0,0,0.0,0,674,0,572.32623,7,16
1,0,4,253.97728,byplayer,0,3,20,1,2,28.515526,LGQ150,account.16224d00f1ef46c18cb7568ba1e01f82,0,2929.2056,0,0.0,0,1058,0,952.3098,10,12
4,1,4,440.41614,byplayer,0,1,11,2,3,91.51572,BanMinChoPa,account.fbb23f10c2994f948c440a2031e30622,1,6675.72,0,0.0,0,1199,0,1743.945,7,9
0,2,2,150.96002,byplayer,1,1,41,1,1,40.251347,ar777ar,account.53adcadbf85c4d6cbf98f5aff29eff44,0,0.0,0,0.0,0,312,0,412.96866,5,20
2,0,6,232.11717,byplayer,0,0,32,1,1,134.53671,Primary_SKS,account.9d9566ad76e64dfebb22d83ce6a9e7af,0,2459.8904,0,0.0,0,1098,0,1904.9982,11,11
1,1,8,106.228065,byplayer,0,17,25,1,1,5.3129425,xiaopang300jin,account.9f35afa46fdc4ccf8b4a915251f179b9,1,3052.142,0,0.0,0,1209,0,801.0477,18,2
0,0,1,0.0,byplayer,0,0,88,0,0,0.0,douyutv_kkgege,account.bfafd2e8884f4765bee3cea6ad339230,0,0.0,0,0.0,0,354,0,591.2957,6,19
1,1,3,210.91484,byplayer,0,1,29,1,1,33.205887,purgatory1104,account.dd2d3e94e83c4f8094860ae276a107ac,0,1801.3918,0,0.0,0,960,0,1013.52454,10,8
1,0,0,123.369995,byplayer,0,0,43,1,1,8.74592,krry522,account.b9b26245efd5477dbe1508c6e748afa2,0,0.0,0,0.0,0,102,0,24.452261,1,21
3,1,7,472.41473,byplayer,0,6,16,1,2,31.360518,Luv-1223,account.4d9f6c8902214704908a1e429ebe8481,1,6722.1167,0,0.0,0,1364,0,1232.5356,9,6
2,0,3,148.88211,byplayer,0,1,21,2,2,23.686106,woshijiee,account.c521b8c4be214d139ee6cc9298edacf9,1,2956.45,0,0.0,0,753,0,752.55365,12,13
1,0,0,226.72,byplayer,0,1,45,1,1,5.8629065,Gt8m89,account.72e3cd83b9604224b42f4bb36616bcc5,0,0.0,0,0.0,0,115,0,51.270485,2,23
1,0,0,57.577843,byplayer,0,0,94,0,0,0.0,91739913,account.0b3b528974f44533ade4644930091460,0,0.0,0,0.0,0,121,0,28.508118,2,23
0,0,3,22.68,byplayer,0,1,31,1,1,22.310234,Kill1rbs3,account.cb714956221f45ec8192454e824aa24d,0,2730.686,0,0.0,0,1103,0,1794.2618,13,11
0,0,0,37.539505,byplayer,0,0,82,0,0,0.0,JS_Co_lin,ai.260,0,0.0,0,0.0,0,848,1,978.89307,0,16
3,0,0,154.9621,byplayer,0,0,6,2,4,17.350878,ZD--hudeer,account.82c4fe66ba2443d3886f95cebc94458f,0,0.0,0,0.0,0,367,0,694.58685,8,19
0,0,2,23.76,byplayer,0,0,77,0,0,0.0,Minor_AKK,account.12fc7ece948e4deba5b99009917d3004,0,5698.072,0,0.0,0,819,0,637.9215,6,14
0,0,0,0.0,byplayer,0,0,93,0,0,0.0,missu23,account.26de7f86863044ec9d3d48bc78d712b4,0,258.90088,0,0.0,0,170,0,154.73897,3,23
1,2,0,197.32999,byplayer,0,0,39,1,1,21.24552,Xxxyoi,account.a567d04fc70c41cbbc6223c74f6d7665,1,0.0,0,0.0,0,342,0,606.9983,7,19
3,1,2,219.06146,byplayer,0,4,18,1,2,66.03805,LIUCONG82,account.ef76b841aa874c93a81209bab003d2ac,0,876.9459,0,0.0,0,1006,0,877.1035,9,7
0,0,2,0.0,byplayer,0,0,85,0,0,0.0,ty1026,account.93b548fb2bf3403591a1cde69348eb15,1,0.0,0,0.0,0,304,0,432.9354,6,17
1,0,0,100.0,byplayer,0,0,48,1,1,26.911932,Arinma,account.336b8fb74ef343fdbb91f5cea653adaa,0,0.0,0,0.0,0,157,0,68.23482,2,24
4,3,7,515.56683,alive,1,5,7,1,3,121.74167,PoKe_LiuFei,account.c9a97b47ece0454b95e133b25cd11293,0,1287.8236,0,0.0,0,1628,0,1333.1691,10,1
1,0,0,99.99999,byplayer,0,0,47,1,1,5.9762034,ftm9n4b4i,account.0bdda43eb49845dfac1b4d61dbe3592c,0,0.0,0,0.0,0,167,0,89.49213,1,24
2,0,0,157.3,byplayer,1,0,38,1,1,18.204859,oOYangBaoBaoOo,account.fb667902304343cab795353ef875eb77,0,0.0,0,0.0,0,221,0,161.83876,5,18
0,0,3,0.0,byplayer,0,2,58,0,0,0.0,steam399,account.9421f981140c4d22953fdb6ceded30c6,0,3677.4116,0,0.0,0,808,0,732.05695,8,1
1,0,3,166.78,byplayer,0,1,35,1,1,26.661055,SCCJ21,account.305cd970f634468d8a9b5eaa4bef8f0a,1,0.0,0,0.0,0,640,0,430.4468,5,15
0,0,6,0.0,byplayer,0,1,70,0,0,0.0,miingt,account.b80793d67a9b42e5a2b8dcfde760f386,0,6579.6475,0,0.0,0,1110,0,1401.677,14,10
0,0,0,193.93494,byplayer,0,0,46,1,1,13.860011,0j_5am_299889,account.98eb9ab5a813410d896efde5b0cf5668,1,0.0,0,0.0,0,167,0,174.69829,4,24
1,0,0,100.0,byplayer,0,0,98,0,0,0.0,NDK1110,account.13930ef4aac845b3a9af6a35c2e30831,0,0.0,0,0.0,0,91,0,17.792938,2,25
2,0,5,412.75455,byplayer,0,7,15,2,2,20.961287,ll1idan,account.f181aa789168412895ddba2cdbc16013,1,7106.3276,0,0.0,0,1365,0,1580.6617,11,6
1,1,7,205.72777,byplayer,0,4,28,1,1,8.7858515,Destin_taoye,account.cf15dd776b1441f9853a65812b9d74ad,1,3722.5781,0,43.0633,0,1172,0,1257.0986,16,8
2,0,2,277.88,byplayer,0,3,36,1,1,9.18678,Maziw_,account.8f974c3634e14309ac12a14351e66c63,0,0.0,0,0.0,0,403,0,447.07257,6,17
0,0,0,0.0,byplayer,0,1,91,0,0,0.0,XYH-19,account.ca5a30f995584d18886dfe54c6f1d099,0,0.0,0,0.0,0,278,0,130.5588,4,22
0,0,9,56.579998,byplayer,0,6,68,0,0,0.0,LOVE_WCJ_1989,account.1120e92bc7d74a2b905418866d93f73b,0,848.2322,0,0.0,0,1174,0,1097.8813,11,10
1,0,0,180.40985,byplayer,0,0,42,1,1,24.376259,Shuangzi_yo,account.7d871c97a4ae4684bbc313e66be66d26,0,0.0,0,0.0,0,284,0,278.00073,7,21
2,0,5,190.31494,byplayer,0,4,33,1,1,88.24711,SoLo-_--,account.956394a1342942c68edf064929588822,1,2818.5535,0,0.0,0,1058,0,164.9654,9,12
2,1,7,377.70462,byplayer,1,1,19,1,2,65.92659,zxm741,account.14b1fe52bb9a41fca779edd3c591e556,1,1329.3519,0,0.0,0,958,0,890.289,16,7
0,0,0,0.0,byplayer,0,0,100,0,0,0.0,Move_0904,account.8e03554ea187468b9c1f26b05e579eed,0,0.0,0,0.0,0,72,0,0.4185891,1,25
0,0,0,0.0,byplayer,0,0,89,0,0,0.0,MirenEgan,account.bc63cc356f6b4343b4294a71177c6418,0,0.49443698,0,0.0,0,215,0,155.76024,3,21
3,3,8,335.1548,byplayer,0,3,64,0,0,0.0,QiYue_HanPiLxD,account.dc62076f2d304087bedce19dc871b64b,0,6407.527,0,3.375792,0,1357,1,1429.9812,17,6
2,1,6,377.9598,byplayer,0,5,10,1,3,166.52753,ADoggi,account.6f85fb657d924fc783e5354da6e8bd85,1,2996.797,0,53.21284,0,1156,0,846.47943,12,8
0,0,0,0.0,byplayer,0,0,96,0,0,0.0,GG-boom----,account.903d720d575249b5b264ce622b867b8a,0,0.0,0,0.0,0,93,0,0.136511,1,24
1,1,6,145.8379,byplayer,0,0,34,1,1,4.783159,4am581857,account.6225c0089bc549b197ca7ff58752612b,2,2597.6636,0,0.0,0,890,0,1281.5077,12,13
1,1,2,131.09676,byplayer,0,0,73,0,0,0.0,lambert_V,account.9a6ba622aa2e4c258d659d9e321ab802,1,2822.6885,0,0.0,0,1058,0,645.3541,7,12
0,0,0,0.0,byplayer,0,0,81,0,0,0.0,7Binky,account.f160b49de5ad431fb10967cc4f20d416,0,0.0,0,0.0,0,379,0,533.1065,9,15
1,0,0,26.080004,byplayer,0,0,95,0,0,0.0,Rminio_94,account.16db5048c1fa481eab74ab11c20811a8,0,0.0,0,0.0,0,107,0,84.27102,1,23
1,1,2,169.39998,byplayer,0,1,40,1,1,54.63039,pwsa1y75q,account.fb713ff0b55c4552bd12230c9fb51de5,0,0.0,0,0.0,0,312,0,331.62347,6,20
0,1,2,129.17558,byplayer,0,0,78,0,0,0.0,BomeDaDa,account.4d121c21aeb044e0acdf55689e4ae142,0,3245.4417,0,0.0,0,595,0,471.12762,7,14
5,3,13,530.57196,byplayer,1,6,4,1,4,108.784874,Regret_WJ,account.2bce02164c954ac2a5104c31ba6a3e36,0,3955.0618,0,0.0,0,1593,0,1522.3141,11,2
1,1,1,257.4487,byplayer,0,10,44,1,1,8.990815,667w1mtsDpZeN,account.e917cf8b5c6c41779fe4d17051c4bad7,2,0.0,0,0.0,0,278,0,207.3117,2,22
1,0,0,91.36,byplayer,0,1,86,0,0,0.0,SanDi-_,account.5fa26f2fc4354e5880c7a61a68ccfa5a,2,0.0,0,0.0,0,216,0,174.80547,3,18
1,1,0,5.1482162,byplayer,0,0,99,0,0,0.0,huanxiang1231111,account.69000d91ae6640248ec56ea0654e52b1,0,0.0,0,0.0,0,91,0,10.419978,2,25
0,1,7,26.4,byplayer,0,3,60,0,0,0.0,huizhhh,account.871e27399e264f53acfe2b0e30303599,1,3748.6594,0,0.0,0,1199,0,1202.0421,10,3
4,0,7,393.6501,byplayer,0,6,5,2,4,112.979935,L98989898,account.bfc20cdb7c374e31b08deba5594451a1,0,8267.761,0,0.0,0,1314,0,922.7103,10,7
1,0,1,122.8,byplayer,0,1,37,1,1,14.226719,oOTangMuOo,account.1cc1caf3d0034a72a03f0f810cfb573c,1,0.0,0,0.0,0,380,0,400.4279,6,18
2,2,2,322.25513,byplayer,0,1,13,2,3,101.05311,BOT_ZBB,account.d514d2df17e24d71a29e50c3ae8314fc,0,0.0,0,0.0,0,350,0,569.88983,4,19
1,1,8,185.50418,byplayer,0,3,66,0,0,0.0,LZ-9707,account.775f7359ec25431eb2b827408b815bc2,0,2407.245,0,0.0,0,805,0,752.26337,11,8
0,1,7,183.05556,byplayer,0,5,59,0,0,0.0,DFEWFD11,account.6ab37b2a62c44777a3368ddc88530445,0,4607.7153,0,0.0,0,1481,1,1242.5956,9,3
