weapon,fire_count,hit,damage_0_rate,distance_mean,distance_min,distance_max,HeadShot,NeckShot,TorsoShot,PelvisShot,ArmShot,LegShot,NonSpecific,player_name
AUG,24,0.042,0.8,24.098,11.23,75.57,0.0,0.0,4.0,0.0,0.0,1.0,0.0,buguofengs
SKS,19,0.158,0.0,142.96,141.44,143.73,1.0,0.0,2.0,0.0,0.0,0.0,0.0,buguofengs
AUG,28,0.143,0.0,58.505,17.89,100.01,2.0,0.0,1.0,1.0,0.0,0.0,0.0,Pull7
Frag Grenade,2,0.5,0.0,26.35,26.35,26.35,0.0,0.0,0.0,0.0,0.0,0.0,1.0,Pull7
K2,50,0.06,0.5714285714285714,38.08571428571429,33.82,60.25,1.0,0.0,5.0,0.0,0.0,1.0,0.0,Pull7
Mk12,43,0.07,0.25,130.44,85.2,243.37,1.0,0.0,2.0,0.0,1.0,0.0,0.0,Pull7
Mk12,7,0.286,0.0,243.365,243.36,243.37,1.0,0.0,1.0,0.0,0.0,0.0,0.0,Youngsan_
Frag Grenade,1,0.0,1.0,17.11,17.11,17.11,0.0,0.0,0.0,0.0,0.0,0.0,1.0,laoyuyouxiha
AUG,4,0.5,0.0,5.699999999999999,5.55,5.85,0.0,0.0,1.0,0.0,0.0,1.0,0.0,caiccc1
M16A4,55,0.182,0.6296296296296297,10.301481481481481,1.9,42.72,0.0,0.0,18.0,5.0,0.0,4.0,0.0,caiccc1
Micro UZI,10,0.0,1.0,3.8657142857142857,3.52,4.01,0.0,0.0,7.0,0.0,0.0,0.0,0.0,Kanroji_Mitsuri_
Frag Grenade,1,1.0,0.0,38.16,38.16,38.16,0.0,0.0,0.0,0.0,0.0,0.0,1.0,Chopsport
Thompson,47,0.106,0.6666666666666666,36.434666666666665,32.85,41.21,1.0,0.0,11.0,0.0,2.0,1.0,0.0,Chopsport
AUG,73,0.11,0.0,31.93375,14.62,71.19,2.0,0.0,4.0,2.0,0.0,0.0,0.0,Dxxx-_-Jxxx
Beryl M762,21,0.143,0.0,22.416666666666668,21.77,23.3,1.0,0.0,1.0,0.0,1.0,0.0,0.0,Dxxx-_-Jxxx
Frag Grenade,1,1.0,0.0,34.49,34.49,34.49,0.0,0.0,0.0,0.0,0.0,0.0,1.0,Dxxx-_-Jxxx
M416,29,0.069,0.0,4.105,4.0,4.21,1.0,0.0,0.0,0.0,1.0,0.0,0.0,429_S2
Beryl M762,2,0.5,0.0,0.83,0.83,0.83,0.0,0.0,0.0,0.0,1.0,0.0,0.0,rlarudtnroahtgka
ACE32,17,0.059,0.0,80.3,80.3,80.3,0.0,0.0,0.0,0.0,0.0,1.0,0.0,XvX-Don-Quixote
AUG,27,0.074,0.7142857142857143,13.957142857142857,1.82,43.75,1.0,0.0,3.0,3.0,0.0,0.0,0.0,XvX-Don-Quixote
Frag Grenade,1,1.0,0.0,0.0,0.0,0.0,0.0,0.0,0.0,0.0,0.0,0.0,1.0,XvX-Don-Quixote
AUG,106,0.104,0.08333333333333333,38.531666666666666,1.86,104.32,5.0,0.0,4.0,0.0,3.0,0.0,0.0,xuezhixixxx
Beryl M762,99,0.192,0.24,24.884,5.19,50.21,10.0,0.0,13.0,1.0,0.0,1.0,0.0,xuezhixixxx
Frag Grenade,2,0.5,0.0,35.77,35.77,35.77,0.0,0.0,0.0,0.0,0.0,0.0,1.0,xuezhixixxx
M16A4,13,0.077,0.0,209.39,209.39,209.39,0.0,0.0,0.0,0.0,1.0,0.0,0.0,KANG_YUNA
MP5K,87,0.08,0.36363636363636365,32.516363636363636,8.82,69.95,0.0,0.0,6.0,3.0,0.0,2.0,0.0,KANG_YUNA
Vector,38,0.158,0.625,10.929375,2.75,18.2,0.0,0.0,7.0,7.0,1.0,1.0,0.0,KANG_YUNA
Mini14,3,0.667,0.0,106.03999999999999,106.03,106.05,0.0,0.0,2.0,0.0,0.0,0.0,0.0,KOR_YOOF
M416,61,0.082,0.6875,2.95875,2.09,4.51,2.0,0.0,11.0,1.0,1.0,1.0,0.0,TV-allure
Mini14,9,0.111,0.0,81.29,81.29,81.29,1.0,0.0,0.0,0.0,0.0,0.0,0.0,TV-allure
Beryl M762,25,0.08,0.6666666666666666,38.093333333333334,0.86,112.5,1.0,0.0,5.0,0.0,0.0,0.0,0.0,i1v4t
AUG,19,0.053,0.9230769230769231,3.588461538461539,3.22,4.54,7.0,0.0,5.0,0.0,1.0,0.0,0.0,JjachineOwO
Beryl M762,55,0.073,0.3333333333333333,27.746666666666666,18.45,44.08,0.0,0.0,5.0,1.0,0.0,0.0,0.0,JjachineOwO
ACE32,39,0.051,0.3333333333333333,28.873333333333335,15.27,37.11,0.0,0.0,1.0,1.0,0.0,1.0,0.0,push_ah
Mk12,9,0.556,0.16666666666666666,215.25666666666666,214.44,217.68,0.0,0.0,4.0,0.0,0.0,2.0,0.0,push_ah
AUG,28,0.036,0.75,11.872499999999999,7.61,24.08,0.0,0.0,3.0,0.0,0.0,1.0,0.0,GeGedaoDa
Frag Grenade,4,0.25,0.0,39.69,39.69,39.69,0.0,0.0,0.0,0.0,0.0,0.0,1.0,GeGedaoDa
M416,97,0.134,0.13333333333333333,41.45733333333333,20.95,84.25,0.0,0.0,9.0,3.0,1.0,2.0,0.0,yamulttagjige
Mini14,68,0.118,0.2,307.668,236.18,388.47,2.0,0.0,6.0,0.0,0.0,2.0,0.0,yamulttagjige
UMP45,20,0.15,0.5714285714285714,5.662857142857143,1.58,11.09,0.0,0.0,7.0,0.0,0.0,0.0,0.0,yamulttagjige
UMP45,38,0.132,0.16666666666666666,23.058333333333334,5.15,30.44,0.0,0.0,4.0,1.0,0.0,1.0,0.0,l-yeye_
AKM,68,0.118,0.0,66.67625,21.92,133.18,0.0,0.0,5.0,0.0,1.0,2.0,0.0,me1me1b1epao
M249,55,0.164,0.25,43.732499999999995,37.99,48.21,1.0,0.0,8.0,0.0,1.0,2.0,0.0,me1me1b1epao
SKS,16,0.188,0.0,104.13666666666666,102.19,105.15,0.0,0.0,1.0,0.0,2.0,0.0,0.0,M76222222222
Vector,21,0.143,0.25,6.61,6.37,6.83,3.0,0.0,1.0,0.0,0.0,0.0,0.0,M76222222222
AUG,18,0.111,0.3333333333333333,22.139999999999997,0.97,64.46,1.0,0.0,0.0,2.0,0.0,0.0,0.0,beaut_girl
Vector,23,0.217,0.16666666666666666,7.691666666666666,7.11,8.8,1.0,0.0,4.0,1.0,0.0,0.0,0.0,Sweet-LemonBBang
Mk47 Mutant,11,0.091,0.0,4.36,4.36,4.36,0.0,0.0,0.0,0.0,0.0,1.0,0.0,BenDanNo1-
Mk47 Mutant,5,0.2,0.0,31.75,31.75,31.75,0.0,0.0,0.0,0.0,0.0,1.0,0.0,ARTVS2022
Mini14,18,0.278,0.0,155.474,91.71,207.76,2.0,0.0,2.0,0.0,0.0,1.0,0.0,CUTIEHOYA
M416,43,0.116,0.5,39.711,32.56,46.42,2.0,0.0,7.0,0.0,1.0,0.0,0.0,Dr-1993
M416,53,0.057,0.5714285714285714,62.41285714285714,53.45,93.74,0.0,0.0,4.0,1.0,0.0,2.0,0.0,HOXY_YoonMo
AUG,24,0.208,0.6666666666666666,7.227333333333333,2.72,14.29,0.0,0.0,4.0,3.0,2.0,6.0,0.0,Reaction_18
AKM,20,0.05,0.0,4.49,4.49,4.49,0.0,0.0,1.0,0.0,0.0,0.0,0.0,owo_-x
Frag Grenade,6,0.667,0.2,50.572,22.14,70.5,0.0,0.0,0.0,0.0,0.0,0.0,5.0,GIIXA
M416,23,0.13,0.0,46.78,46.78,46.78,0.0,0.0,0.0,2.0,0.0,1.0,0.0,GIIXA
Mk12,35,0.257,0.18181818181818182,110.85272727272728,92.96,171.36,1.0,0.0,6.0,2.0,0.0,2.0,0.0,GIIXA
Frag Grenade,1,1.0,0.0,40.16,40.16,40.16,0.0,0.0,0.0,0.0,0.0,0.0,1.0,Garbage-Y_1203
K2,32,0.094,0.0,39.39333333333334,39.12,39.77,0.0,0.0,1.0,1.0,0.0,1.0,0.0,Garbage-Y_1203
AUG,11,0.182,0.0,57.595,57.28,57.91,0.0,0.0,1.0,0.0,1.0,0.0,0.0,ErMe1-
Mini14,20,0.05,0.8571428571428571,150.4114285714286,78.9,575.94,4.0,0.0,2.0,0.0,1.0,0.0,0.0,ErMe1-
AUG,95,0.105,0.5,21.909,3.1,46.23,2.0,0.0,12.0,5.0,0.0,1.0,0.0,RISINGSKULL_
Mk12,18,0.111,0.5,138.1225,72.77,315.39,2.0,0.0,2.0,0.0,0.0,0.0,0.0,RISINGSKULL_
AKM,20,0.2,0.6363636363636364,7.040909090909091,2.44,9.83,0.0,0.0,7.0,3.0,0.0,1.0,0.0,CHU-XIN-26
Beryl M762,18,0.278,0.0,27.516,26.02,29.09,0.0,0.0,3.0,1.0,0.0,1.0,0.0,CHU-XIN-26
AKM,16,0.125,0.5,27.192500000000003,27.16,27.25,0.0,0.0,1.0,2.0,0.0,1.0,0.0,OxO_albbano
AUG,80,0.05,0.5555555555555556,3.3699999999999997,2.41,3.88,0.0,0.0,6.0,2.0,0.0,1.0,0.0,Superyuppers
Frag Grenade,6,0.167,0.6666666666666666,16.586666666666666,4.24,41.22,0.0,0.0,0.0,0.0,0.0,0.0,3.0,Superyuppers
P90,31,0.032,0.75,51.16,41.08,80.19,1.0,0.0,1.0,2.0,0.0,0.0,0.0,Superyuppers
Frag Grenade,1,2.0,0.3333333333333333,13.386666666666665,9.12,16.04,0.0,0.0,0.0,0.0,0.0,0.0,3.0,Fear_And_Dreams
K2,13,0.231,0.4,23.624000000000002,23.51,23.85,0.0,0.0,3.0,1.0,0.0,1.0,0.0,Only_beryl_-
AWM,5,0.2,0.0,70.97,70.97,70.97,0.0,0.0,0.0,0.0,1.0,0.0,0.0,ozYkJGM7YyLc1O
Frag Grenade,5,0.6,0.25,49.9,36.49,63.22,0.0,0.0,0.0,0.0,0.0,0.0,4.0,ozYkJGM7YyLc1O
Mini14,31,0.129,0.5555555555555556,103.60222222222222,96.06,115.21,1.0,0.0,5.0,0.0,1.0,2.0,0.0,ozYkJGM7YyLc1O
AUG,37,0.081,0.75,33.69583333333333,6.62,42.36,0.0,0.0,9.0,1.0,2.0,0.0,0.0,iFTY_HuaHai
UMP45,5,0.0,1.0,37.206,37.02,37.59,0.0,0.0,3.0,2.0,0.0,0.0,0.0,iFTY_HuaHai
AUG,41,0.049,0.3333333333333333,41.38666666666666,36.57,50.06,0.0,0.0,2.0,1.0,0.0,0.0,0.0,Mad_Poppy
Frag Grenade,3,0.333,0.0,49.39,49.39,49.39,0.0,0.0,0.0,0.0,0.0,0.0,1.0,Mad_Poppy
Mk12,26,0.231,0.25,211.8325,207.11,218.07,2.0,0.0,6.0,0.0,0.0,0.0,0.0,Mad_Poppy
ACE32,9,0.333,0.25,1.38,1.1,1.73,0.0,0.0,4.0,0.0,0.0,0.0,0.0,letmepa
AKM,16,0.125,0.0,79.49,79.49,79.49,1.0,0.0,1.0,0.0,0.0,0.0,0.0,10041050
AUG,72,0.014,0.0,61.2,61.2,61.2,0.0,0.0,1.0,0.0,0.0,0.0,0.0,10041050
AUG,34,0.059,0.8,38.597,9.98,46.52,1.0,0.0,4.0,3.0,1.0,1.0,0.0,muzzzzzzzzz-
Mk12,11,0.182,0.0,193.08,193.05,193.11,0.0,0.0,1.0,0.0,1.0,0.0,0.0,muzzzzzzzzz-
AUG,58,0.172,0.4444444444444444,14.150555555555556,9.24,19.92,0.0,0.0,6.0,5.0,2.0,5.0,0.0,KKOMl
Mini14,48,0.021,0.0,211.65,211.65,211.65,0.0,0.0,1.0,0.0,0.0,0.0,0.0,KKOMl
UMP45,45,0.044,0.0,64.375,57.39,71.36,1.0,0.0,1.0,0.0,0.0,0.0,0.0,KKOMl
Frag Grenade,2,0.5,0.0,39.61,39.61,39.61,0.0,0.0,0.0,0.0,0.0,0.0,1.0,ssssYYYYYssss
AUG,8,0.25,0.0,32.14,32.13,32.15,0.0,0.0,1.0,1.0,0.0,0.0,0.0,DNUHWNU
M416,35,0.0,1.0,7.7,7.7,7.7,1.0,0.0,0.0,0.0,0.0,0.0,0.0,DNUHWNU
AKM,3,0.667,0.0,99.74,99.74,99.74,1.0,0.0,1.0,0.0,0.0,0.0,0.0,10819-
M24,5,0.4,0.3333333333333333,4.31,4.0,4.88,0.0,0.0,2.0,0.0,1.0,0.0,0.0,10819-
AKM,45,0.156,0.3,36.478,7.67,42.31,2.0,0.0,5.0,0.0,2.0,1.0,0.0,BTG_XiaoYi
Vector,41,0.122,0.6666666666666666,3.509333333333333,2.76,4.47,0.0,0.0,4.0,5.0,4.0,2.0,0.0,BTG_XiaoYi
Beryl M762,8,0.125,0.0,5.49,5.49,5.49,0.0,0.0,1.0,0.0,0.0,0.0,0.0,faknyang
Beryl M762,19,0.053,0.0,2.92,2.92,2.92,0.0,0.0,1.0,0.0,0.0,0.0,0.0,A_he_gao
AUG,38,0.132,0.16666666666666666,44.63333333333333,44.44,44.92,2.0,0.0,2.0,0.0,2.0,0.0,0.0,K_bin2
Frag Grenade,2,0.0,1.0,0.0,0.0,0.0,0.0,0.0,0.0,0.0,0.0,0.0,1.0,K_bin2
Frag Grenade,4,0.25,0.5,35.365,30.91,39.82,0.0,0.0,0.0,0.0,0.0,0.0,2.0,Xiongovo-
M416,128,0.188,0.4666666666666667,26.368,1.28,113.32,4.0,0.0,17.0,11.0,2.0,11.0,0.0,Xiongovo-
Mk12,13,0.154,0.0,152.11,152.11,152.11,0.0,0.0,0.0,1.0,1.0,0.0,0.0,Xiongovo-
ACE32,25,0.04,0.0,6.62,6.62,6.62,1.0,0.0,0.0,0.0,0.0,0.0,0.0,DK_TiaNox
AUG,57,0.088,0.16666666666666666,28.148333333333337,18.75,59.43,2.0,0.0,4.0,0.0,0.0,0.0,0.0,DK_TiaNox
M416,18,0.278,0.375,22.208750000000002,19.28,38.75,3.0,0.0,3.0,0.0,1.0,1.0,0.0,gang_Do_
M416,32,0.188,0.7,1.371,0.5,3.73,1.0,0.0,15.0,1.0,1.0,2.0,0.0,08i0-_
Beryl M762,58,0.052,0.0,45.72,19.67,69.82,1.0,0.0,2.0,0.0,0.0,0.0,0.0,Yiiy1_-
SKS,10,0.1,0.0,48.31,48.31,48.31,1.0,0.0,0.0,0.0,0.0,0.0,0.0,Yiiy1_-
AUG,29,0.103,0.0,10.21,10.17,10.24,0.0,0.0,2.0,1.0,0.0,0.0,0.0,Heaven-97
Mini14,4,0.75,0.0,129.14,105.39,175.57,0.0,0.0,3.0,0.0,0.0,0.0,0.0,Heaven-97
Beryl M762,32,0.031,0.0,68.96,68.96,68.96,0.0,0.0,1.0,0.0,0.0,0.0,0.0,GoDxRY_
Mini14,1,1.0,0.0,68.93,68.93,68.93,0.0,0.0,1.0,0.0,0.0,0.0,0.0,JAEHAPANG
MP5K,29,0.138,0.7894736842105263,7.419999999999999,6.78,8.16,0.0,0.0,1.0,3.0,1.0,14.0,0.0,Aixleft_Bei
AUG,83,0.084,0.4166666666666667,39.42583333333334,32.76,54.95,1.0,0.0,7.0,1.0,0.0,3.0,0.0,woyaot1annib
Frag Grenade,5,0.2,0.0,28.56,28.56,28.56,0.0,0.0,0.0,0.0,0.0,0.0,1.0,woyaot1annib
Mini14,22,0.227,0.0,91.474,48.26,118.65,2.0,0.0,1.0,0.0,1.0,1.0,0.0,woyaot1annib
Thompson,30,0.033,0.0,31.09,31.09,31.09,0.0,0.0,1.0,0.0,0.0,0.0,0.0,POK-UYYU
MP5K,36,0.111,0.6363636363636364,3.983636363636364,2.93,5.99,3.0,0.0,4.0,1.0,0.0,3.0,0.0,xiaocainiaole
MP5K,33,0.091,0.25,19.1125,18.96,19.47,1.0,0.0,1.0,0.0,2.0,0.0,0.0,ioK91-_
Mini14,9,0.111,0.8,4.724,3.45,6.66,1.0,0.0,3.0,0.0,1.0,0.0,0.0,WpgbskxrvjRfs
AUG,17,0.176,0.0,19.03,18.38,19.36,0.0,0.0,3.0,0.0,0.0,0.0,0.0,flyAce
Mk12,32,0.031,0.0,322.71,322.71,322.71,0.0,0.0,1.0,0.0,0.0,0.0,0.0,flyAce
MP5K,57,0.088,0.375,46.69875,2.53,55.63,3.0,0.0,5.0,0.0,0.0,0.0,0.0,AixLeft_zts
Mk12,4,0.5,0.0,91.84,91.35,92.33,0.0,0.0,1.0,0.0,1.0,0.0,0.0,woa1daniuniu
AUG,16,0.125,0.0,69.47,69.47,69.47,0.0,0.0,0.0,0.0,0.0,2.0,0.0,weiguang---12
Mk12,16,0.25,0.3333333333333333,93.43333333333334,86.56,101.45,1.0,0.0,3.0,1.0,0.0,1.0,0.0,weiguang---12
M24,1,1.0,0.0,76.75,76.75,76.75,1.0,0.0,0.0,0.0,0.0,0.0,0.0,929651006
AKM,80,0.088,0.0,149.79714285714286,46.42,193.84,0.0,0.0,4.0,0.0,1.0,2.0,0.0,YOYO-0258
UMP45,46,0.109,0.5833333333333334,5.695,1.55,33.06,0.0,0.0,6.0,4.0,1.0,1.0,0.0,Ark_MK14
Frag Grenade,2,0.5,0.5,79.50999999999999,77.5,81.52,0.0,0.0,0.0,0.0,0.0,0.0,2.0,Lianmin-Hua
M416,55,0.109,0.6,14.022,5.0,23.46,1.0,0.0,7.0,3.0,2.0,2.0,0.0,Lianmin-Hua
Mk14,126,0.087,0.26666666666666666,85.13066666666667,59.21,316.15,2.0,0.0,7.0,1.0,1.0,4.0,0.0,Lianmin-Hua
Molotov Cocktail,4,0.25,0.0,39.18,39.18,39.18,0.0,0.0,0.0,0.0,0.0,0.0,1.0,Lianmin-Hua
AUG,9,0.111,0.6666666666666666,38.67333333333334,38.63,38.76,1.0,0.0,0.0,1.0,0.0,1.0,0.0,M1ng_Nu
Beryl M762,135,0.059,0.3333333333333333,29.52333333333333,3.93,57.59,5.0,0.0,3.0,0.0,1.0,3.0,0.0,M1ng_Nu
Frag Grenade,5,0.2,0.0,67.13,67.13,67.13,0.0,0.0,0.0,0.0,0.0,0.0,1.0,M1ng_Nu
Kar98k,3,0.333,0.0,45.65,45.65,45.65,0.0,0.0,1.0,0.0,0.0,0.0,0.0,M1ng_Nu
Mk12,19,0.263,0.0,148.38,143.22,159.03,1.0,0.0,3.0,0.0,1.0,0.0,0.0,M1ng_Nu
Mk14,8,0.25,0.0,200.92000000000002,105.09,296.75,1.0,0.0,0.0,0.0,1.0,0.0,0.0,M1ng_Nu
M249,109,0.009,0.8333333333333334,56.69333333333333,18.82,245.54,1.0,0.0,4.0,1.0,0.0,0.0,0.0,ilsanpikachu
AUG,69,0.174,0.2,47.132,11.58,72.22,1.0,0.0,13.0,0.0,1.0,0.0,0.0,iWoA1X1a0Tang_-
Frag Grenade,5,0.4,0.3333333333333333,37.24,32.68,40.17,0.0,0.0,0.0,0.0,0.0,0.0,3.0,iWoA1X1a0Tang_-
M249,31,0.129,0.3333333333333333,34.92333333333334,34.17,36.25,1.0,0.0,2.0,2.0,1.0,0.0,0.0,iWoA1X1a0Tang_-
Mini14,153,0.085,0.3157894736842105,183.55263157894737,98.76,384.88,5.0,0.0,5.0,0.0,2.0,7.0,0.0,iWoA1X1a0Tang_-
Frag Grenade,2,1.0,0.0,47.56,46.4,48.72,0.0,0.0,0.0,0.0,0.0,0.0,2.0,Twis_S1mple
M416,71,0.028,0.6666666666666666,31.189999999999998,25.24,50.42,3.0,0.0,0.0,1.0,1.0,1.0,0.0,Twis_S1mple
Beryl M762,63,0.032,0.0,19.845,19.82,19.87,0.0,0.0,2.0,0.0,0.0,0.0,0.0,Kill731lr
Frag Grenade,4,0.5,0.3333333333333333,35.63333333333333,0.0,63.98,0.0,0.0,0.0,0.0,0.0,0.0,3.0,Kill731lr
M24,47,0.043,0.0,273.52,267.24,279.8,1.0,0.0,1.0,0.0,0.0,0.0,0.0,Kill731lr
Beryl M762,47,0.128,0.0,55.85,45.15,71.89,3.0,0.0,3.0,0.0,0.0,0.0,0.0,iFTY_1aoWang
Frag Grenade,2,0.5,0.0,52.32,52.32,52.32,0.0,0.0,0.0,0.0,0.0,0.0,1.0,iFTY_1aoWang
Mk12,28,0.107,0.0,100.86000000000001,84.76,124.98,3.0,0.0,0.0,0.0,0.0,0.0,0.0,iFTY_1aoWang
ACE32,44,0.045,0.0,15.765,14.13,17.4,0.0,0.0,1.0,1.0,0.0,0.0,0.0,Twis_SRYrroo
Beryl M762,55,0.018,0.0,29.14,29.14,29.14,0.0,0.0,0.0,0.0,0.0,1.0,0.0,Proud_MAN_H
Frag Grenade,2,0.5,0.5,47.275,43.76,50.79,0.0,0.0,0.0,0.0,0.0,0.0,2.0,Proud_MAN_H
Micro UZI,142,0.014,0.8823529411764706,3.077058823529412,2.66,4.59,0.0,0.0,6.0,0.0,0.0,11.0,0.0,Jay_Cyndi
Mini14,35,0.029,0.0,239.89,239.89,239.89,0.0,0.0,1.0,0.0,0.0,0.0,0.0,23-_-28
Frag Grenade,2,0.5,0.0,22.45,22.45,22.45,0.0,0.0,0.0,0.0,0.0,0.0,1.0,GoogLuck-nan
M249,8,0.125,0.0,25.78,25.78,25.78,0.0,0.0,1.0,0.0,0.0,0.0,0.0,GoogLuck-nan
Mini14,9,0.111,0.0,288.05,288.05,288.05,0.0,0.0,0.0,0.0,1.0,0.0,0.0,GoogLuck-nan
Mk14,49,0.204,0.0,173.837,98.7,317.3,4.0,0.0,4.0,0.0,1.0,1.0,0.0,GoogLuck-nan
AUG,39,0.0,1.0,15.89,15.89,15.89,1.0,0.0,0.0,0.0,0.0,0.0,0.0,Biopineapple-
Mk12,97,0.062,0.0,117.18333333333334,93.18,171.52,1.0,0.0,4.0,0.0,0.0,1.0,0.0,Biopineapple-
AUG,87,0.0,1.0,4.359999999999999,4.34,4.38,2.0,0.0,0.0,0.0,0.0,0.0,0.0,iWoS1X1a0Tang_-
Frag Grenade,4,0.75,0.4,47.076,31.53,51.93,0.0,0.0,0.0,0.0,0.0,0.0,5.0,iWoS1X1a0Tang_-
Mk12,203,0.039,0.5,204.5725,110.88,386.63,1.0,0.0,4.0,5.0,2.0,4.0,0.0,iWoS1X1a0Tang_-
P90,40,0.175,0.2222222222222222,22.772222222222222,19.82,44.1,1.0,0.0,8.0,0.0,0.0,0.0,0.0,iWoS1X1a0Tang_-
Frag Grenade,1,1.0,0.0,31.25,31.25,31.25,0.0,0.0,0.0,0.0,0.0,0.0,1.0,sky_ground_
M416,74,0.081,0.5384615384615384,10.404615384615385,0.8,31.54,2.0,0.0,8.0,0.0,2.0,1.0,0.0,sky_ground_
Mk12,11,0.091,0.0,240.05,240.05,240.05,0.0,0.0,1.0,0.0,0.0,0.0,0.0,sky_ground_
Frag Grenade,5,0.2,0.0,49.79,49.79,49.79,0.0,0.0,0.0,0.0,0.0,0.0,1.0,ICC_10086
Groza,30,0.033,0.0,19.3,19.3,19.3,0.0,0.0,1.0,0.0,0.0,0.0,0.0,ICC_10086
ACE32,124,0.016,0.0,67.875,67.75,68.0,1.0,0.0,1.0,0.0,0.0,0.0,0.0,peidomhxu
AWM,20,0.2,0.0,181.0225,91.03,259.27,2.0,0.0,2.0,0.0,0.0,0.0,0.0,peidomhxu
Frag Grenade,3,0.333,0.6666666666666666,42.57333333333333,41.5,44.26,0.0,0.0,0.0,0.0,0.0,0.0,3.0,peidomhxu
Mini14,8,0.25,0.0,259.8,258.79,260.81,1.0,0.0,1.0,0.0,0.0,0.0,0.0,BOSSCTP
Frag Grenade,3,0.667,0.3333333333333333,69.88666666666667,41.86,84.02,0.0,0.0,0.0,0.0,0.0,0.0,3.0,overindow
MP5K,154,0.058,0.0,89.06111111111112,31.58,180.82,2.0,0.0,4.0,2.0,0.0,1.0,0.0,KuangfengS1
AUG,108,0.019,0.0,101.725,76.03,127.42,0.0,0.0,2.0,0.0,0.0,0.0,0.0,9614_-KkunJ9
Frag Grenade,3,0.667,0.0,34.45,32.77,36.13,0.0,0.0,0.0,0.0,0.0,0.0,2.0,9614_-KkunJ9
Mk12,84,0.036,0.0,292.51,205.34,341.57,0.0,0.0,1.0,1.0,0.0,1.0,0.0,9614_-KkunJ9
M24,5,0.2,0.0,138.55,138.55,138.55,1.0,0.0,0.0,0.0,0.0,0.0,0.0,Stranger3117
M416,22,0.045,0.0,98.47,98.47,98.47,1.0,0.0,0.0,0.0,0.0,0.0,0.0,Stranger3117
AUG,70,0.057,0.0,34.0125,1.05,132.77,2.0,0.0,2.0,0.0,0.0,0.0,0.0,Geoffrey_PP
Mk12,168,0.077,0.38095238095238093,143.79000000000002,1.19,284.42,5.0,0.0,8.0,3.0,3.0,2.0,0.0,Geoffrey_PP
P90,45,0.133,0.25,21.7675,20.35,24.29,1.0,0.0,3.0,3.0,1.0,0.0,0.0,Geoffrey_PP
M24,13,0.231,0.0,232.92333333333332,181.49,330.62,3.0,0.0,0.0,0.0,0.0,0.0,0.0,iuewo
M416,49,0.082,0.6363636363636364,5.6890909090909085,4.67,7.39,0.0,0.0,11.0,0.0,0.0,0.0,0.0,iuewo
AUG,23,0.043,0.0,24.22,24.22,24.22,1.0,0.0,0.0,0.0,0.0,0.0,0.0,LaYBackJ
Mk12,122,0.18,0.12,170.9588,1.92,389.99,15.0,0.0,9.0,1.0,0.0,0.0,0.0,LaYBackJ
Mk12,31,0.226,0.125,97.59,76.7,240.71,0.0,0.0,6.0,0.0,1.0,1.0,0.0,SlimShady_-
AUG,101,0.178,0.41935483870967744,15.625806451612902,1.99,33.41,5.0,0.0,25.0,0.0,1.0,0.0,0.0,YourMaleGod_-
Frag Grenade,5,0.6,0.0,45.04333333333333,44.51,45.72,0.0,0.0,0.0,0.0,0.0,0.0,3.0,YourMaleGod_-
Mk12,7,0.143,0.6666666666666666,85.05333333333334,84.93,85.17,0.0,0.0,2.0,0.0,1.0,0.0,0.0,YourMaleGod_-
Kar98k,46,0.152,0.125,225.32125,94.4,327.68,0.0,0.0,6.0,0.0,0.0,2.0,0.0,Mempry-XX
M416,61,0.082,0.0,30.871999999999996,17.24,85.07,0.0,0.0,4.0,0.0,1.0,0.0,0.0,Mempry-XX
AUG,72,0.069,0.0,49.662,27.33,58.98,2.0,0.0,3.0,0.0,0.0,0.0,0.0,weixiao762
M24,3,0.333,0.0,456.32,456.32,456.32,0.0,0.0,0.0,1.0,0.0,0.0,0.0,weixiao762
AUG,46,0.196,0.1,16.699,9.34,20.27,0.0,0.0,6.0,2.0,1.0,1.0,0.0,HEEHEE818
M416,7,0.286,0.0,8.545,7.51,9.58,0.0,0.0,0.0,0.0,0.0,2.0,0.0,iFTY_HuaHai
Mk12,110,0.082,0.4,297.0126666666667,103.51,498.99,6.0,0.0,8.0,0.0,0.0,1.0,0.0,iFTY_HuaHai
Kar98k,26,0.231,0.14285714285714285,206.75714285714284,185.53,283.65,2.0,0.0,5.0,0.0,0.0,0.0,0.0,Gorgeous_LongGe
K2,22,0.273,0.0,35.050000000000004,34.65,35.95,0.0,0.0,3.0,2.0,0.0,1.0,0.0,Hbpz_-
M24,10,0.1,0.0,134.0,134.0,134.0,1.0,0.0,0.0,0.0,0.0,0.0,0.0,Hbpz_-
AUG,23,0.087,0.0,5.84,5.83,5.85,0.0,0.0,2.0,0.0,0.0,0.0,0.0,stephecu
Beryl M762,43,0.047,0.6,4.298,4.19,4.58,1.0,0.0,0.0,1.0,1.0,2.0,0.0,01-Eucommia
Mk12,73,0.082,0.0,149.67166666666665,103.51,257.77,2.0,0.0,4.0,0.0,0.0,0.0,0.0,Plecy
Beryl M762,33,0.242,0.2727272727272727,11.647272727272728,0.91,29.93,2.0,0.0,7.0,1.0,1.0,0.0,0.0,SomethingInDaWay
Beryl M762,38,0.053,0.0,16.14,2.22,30.06,0.0,0.0,2.0,0.0,0.0,0.0,0.0,01-Maca
AUG,34,0.088,0.0,66.88666666666667,66.72,67.22,0.0,0.0,1.0,1.0,1.0,0.0,0.0,Im_Peppi
Frag Grenade,1,1.0,0.0,17.18,17.18,17.18,0.0,0.0,0.0,0.0,0.0,0.0,1.0,Im_Peppi
Beryl M762,20,0.1,0.0,18.79,18.25,19.33,0.0,0.0,2.0,0.0,0.0,0.0,0.0,iFTY_XingGe
Kar98k,7,0.286,0.0,120.32,113.26,127.38,0.0,0.0,2.0,0.0,0.0,0.0,0.0,iFTY_XingGe
M416,32,0.094,0.0,20.290000000000003,18.84,21.96,0.0,0.0,3.0,0.0,0.0,0.0,0.0,iFTY_XingGe
M416,148,0.034,0.16666666666666666,37.059999999999995,7.36,43.22,0.0,0.0,4.0,0.0,2.0,0.0,0.0,MV-TTT
Mk12,67,0.075,0.0,359.894,359.62,360.36,0.0,0.0,5.0,0.0,0.0,0.0,0.0,MV-TTT
Beryl M762,6,0.0,1.0,6.9175,6.86,7.04,0.0,0.0,4.0,0.0,0.0,0.0,0.0,doubiTV_1990
Mk12,10,0.1,0.0,89.81,89.81,89.81,0.0,0.0,1.0,0.0,0.0,0.0,0.0,doubiTV_1990
Mk12,11,0.091,0.0,394.66,394.66,394.66,1.0,0.0,0.0,0.0,0.0,0.0,0.0,IiillillillilllI
M416,30,0.1,0.5,18.13,2.36,81.48,0.0,0.0,4.0,0.0,1.0,1.0,0.0,volley_Bears_
Mk12,22,0.091,0.0,122.625,5.47,239.78,0.0,0.0,0.0,0.0,1.0,1.0,0.0,volley_Bears_
Beryl M762,33,0.061,0.0,58.769999999999996,58.56,58.98,0.0,0.0,2.0,0.0,0.0,0.0,0.0,Alpago1
Kar98k,20,0.05,0.0,260.81,260.81,260.81,1.0,0.0,0.0,0.0,0.0,0.0,0.0,Alpago1
M24,8,0.125,0.5,208.83499999999998,208.41,209.26,0.0,0.0,1.0,0.0,1.0,0.0,0.0,5269Tang
M249,28,0.036,0.875,7.03625,5.24,18.25,0.0,0.0,6.0,0.0,0.0,2.0,0.0,xinbi19900423
ACE32,26,0.0,1.0,24.482,5.51,37.31,1.0,0.0,2.0,0.0,0.0,2.0,0.0,Lucky-BaBaa
Frag Grenade,6,0.167,0.5,56.29,37.67,74.91,0.0,0.0,0.0,0.0,0.0,0.0,2.0,Lucky-BaBaa
Mk12,11,0.455,0.0,181.878,181.49,182.03,1.0,0.0,3.0,1.0,0.0,0.0,0.0,SanLong517
AUG,38,0.026,0.0,99.09,99.09,99.09,0.0,0.0,0.0,1.0,0.0,0.0,0.0,NR_HuTuDani
Frag Grenade,1,2.0,0.3333333333333333,48.4,43.6,52.26,0.0,0.0,0.0,0.0,0.0,0.0,3.0,NR_HuTuDani
MG3,32,0.125,0.3333333333333333,17.25166666666667,17.24,17.26,0.0,0.0,5.0,1.0,0.0,0.0,0.0,NR_HuTuDani
Mini14,8,0.25,0.0,136.57999999999998,135.54,137.62,0.0,0.0,0.0,0.0,0.0,2.0,0.0,NR_HuTuDani
Mk12,144,0.104,0.21052631578947367,228.0626315789474,162.85,360.32,5.0,0.0,4.0,4.0,4.0,2.0,0.0,NR_HuTuDani
AUG,65,0.123,0.3333333333333333,36.96666666666667,17.38,62.91,3.0,0.0,3.0,3.0,2.0,1.0,0.0,ShinSeokWon
Mini14,29,0.069,0.5,337.1025,304.67,356.3,1.0,0.0,2.0,1.0,0.0,0.0,0.0,ShinSeokWon
Beryl M762,134,0.03,0.42857142857142855,44.08857142857143,26.44,59.13,1.0,0.0,1.0,1.0,0.0,4.0,0.0,wukejun1985
M24,31,0.194,0.3333333333333333,354.72222222222223,174.47,588.48,2.0,0.0,5.0,1.0,0.0,1.0,0.0,wukejun1985
M416,43,0.023,0.0,20.0,20.0,20.0,0.0,0.0,0.0,0.0,1.0,0.0,0.0,Twis_Llu
AUG,139,0.036,0.5,28.612000000000002,5.64,71.97,3.0,0.0,6.0,0.0,0.0,1.0,0.0,K-chefpeng
Frag Grenade,3,0.333,0.0,18.52,18.52,18.52,0.0,0.0,0.0,0.0,0.0,0.0,1.0,K-chefpeng
M416,22,0.227,0.4444444444444444,43.833333333333336,41.92,46.62,0.0,0.0,6.0,0.0,2.0,1.0,0.0,K-chefpeng
AUG,29,0.034,0.0,32.32,32.32,32.32,0.0,0.0,1.0,0.0,0.0,0.0,0.0,m7QkpL0AD26Mq
Frag Grenade,1,1.0,0.0,34.16,34.16,34.16,0.0,0.0,0.0,0.0,0.0,0.0,1.0,m7QkpL0AD26Mq
Mk12,45,0.2,0.35714285714285715,62.71857142857142,37.28,95.61,3.0,0.0,9.0,2.0,0.0,0.0,0.0,m7QkpL0AD26Mq
QBZ95,24,0.083,0.75,6.8825,1.04,23.67,0.0,0.0,6.0,1.0,1.0,0.0,0.0,m7QkpL0AD26Mq
ACE32,92,0.087,0.0,31.067500000000003,23.14,48.28,1.0,0.0,5.0,0.0,2.0,0.0,0.0,Gun-bandits
Frag Grenade,5,0.8,0.3333333333333333,54.95666666666667,35.45,78.09,0.0,0.0,0.0,0.0,0.0,0.0,6.0,Gun-bandits
ACE32,30,0.033,0.5,72.975,71.32,74.63,1.0,0.0,0.0,1.0,0.0,0.0,0.0,126sgr
Mk12,21,0.095,0.0,124.695,123.76,125.63,0.0,0.0,1.0,1.0,0.0,0.0,0.0,126sgr
QBZ95,7,0.143,0.0,10.58,10.58,10.58,0.0,0.0,1.0,0.0,0.0,0.0,0.0,126sgr
AUG,10,0.3,0.0,10.103333333333333,9.97,10.28,0.0,0.0,2.0,0.0,0.0,1.0,0.0,SoapFu
Mk12,29,0.138,0.0,198.225,194.29,202.99,1.0,0.0,3.0,0.0,0.0,0.0,0.0,SoapFu
Beryl M762,148,0.061,0.18181818181818182,14.857272727272727,6.48,51.13,2.0,0.0,6.0,1.0,1.0,1.0,0.0,Ymca_zch
Frag Grenade,6,0.333,0.3333333333333333,16.003333333333334,8.6,21.96,0.0,0.0,0.0,0.0,0.0,0.0,3.0,Ymca_zch
Kar98k,8,0.125,0.0,248.17,248.17,248.17,1.0,0.0,0.0,0.0,0.0,0.0,0.0,KingLeBronCAVS
M416,33,0.152,0.6153846153846154,12.673076923076923,10.23,40.99,0.0,0.0,10.0,1.0,0.0,2.0,0.0,KingLeBronCAVS
M24,16,0.25,0.2,181.746,117.13,277.26,3.0,0.0,1.0,1.0,0.0,0.0,0.0,PEGABOX
QBZ95,69,0.058,0.6363636363636364,4.048181818181818,3.65,4.6,0.0,0.0,5.0,1.0,0.0,5.0,0.0,SKTT1Gumayussi
M416,59,0.085,0.0,22.698,11.08,40.13,0.0,0.0,5.0,0.0,0.0,0.0,0.0,bz6677
Micro UZI,25,0.08,0.0,53.355,53.23,53.48,0.0,0.0,2.0,0.0,0.0,0.0,0.0,I4AXUqmXaMVZx
Beryl M762,28,0.286,0.2727272727272727,24.49727272727273,23.49,26.81,0.0,0.0,5.0,2.0,1.0,3.0,0.0,BmTRZhBtJMca4f
Frag Grenade,2,0.5,0.8,19.81,18.13,23.23,0.0,0.0,0.0,0.0,0.0,0.0,5.0,BmTRZhBtJMca4f
M24,2,1.0,0.0,103.69,102.75,104.63,2.0,0.0,0.0,0.0,0.0,0.0,0.0,EllisUPriestley
M416,112,0.134,0.0,21.242,3.14,35.29,2.0,0.0,9.0,1.0,2.0,1.0,0.0,EllisUPriestley
AUG,49,0.184,0.64,7.9336,3.27,10.21,2.0,0.0,10.0,5.0,3.0,5.0,0.0,biubiu110119
M24,1,1.0,0.0,100.07,100.07,100.07,0.0,0.0,1.0,0.0,0.0,0.0,0.0,biubiu110119
QBZ95,67,0.015,0.9090909090909091,24.35,3.33,37.07,1.0,0.0,1.0,2.0,3.0,4.0,0.0,biubiu110119
AUG,27,0.148,0.7777777777777778,3.5055555555555555,1.77,5.06,1.0,0.0,14.0,2.0,1.0,0.0,0.0,FJHASKJFASJKH
Beryl M762,90,0.067,0.45454545454545453,19.157272727272726,17.37,20.6,1.0,0.0,4.0,3.0,3.0,0.0,0.0,FJHASKJFASJKH
Kar98k,3,0.333,0.0,171.42,171.42,171.42,0.0,0.0,1.0,0.0,0.0,0.0,0.0,HW961221
MP5K,15,0.0,1.0,3.1740000000000004,3.13,3.3,0.0,0.0,2.0,0.0,1.0,2.0,0.0,HW961221
AUG,182,0.088,0.15789473684210525,56.11157894736843,15.63,190.35,1.0,0.0,9.0,3.0,2.0,4.0,0.0,Fantast-YOLO
M24,12,0.167,0.0,60.53,42.08,78.98,1.0,0.0,1.0,0.0,0.0,0.0,0.0,Fantast-YOLO
Beryl M762,87,0.069,0.0,29.465,18.32,52.21,0.0,0.0,3.0,1.0,1.0,1.0,0.0,li_1057
Kar98k,34,0.059,0.5,220.9925,192.39,280.18,3.0,0.0,0.0,1.0,0.0,0.0,0.0,li_1057
AUG,55,0.127,0.5882352941176471,9.704705882352942,5.36,25.55,4.0,0.0,7.0,1.0,5.0,0.0,0.0,csliang12345
AUG,16,0.062,0.0,25.85,25.85,25.85,0.0,0.0,1.0,0.0,0.0,0.0,0.0,Mflkmuci492
Kar98k,2,0.5,0.0,271.81,271.81,271.81,0.0,0.0,1.0,0.0,0.0,0.0,0.0,Mflkmuci492
M416,8,0.375,0.5,8.021666666666667,7.65,8.31,0.0,0.0,4.0,0.0,2.0,0.0,0.0,Mflkmuci492
ACE32,90,0.044,0.0,39.4125,31.02,64.58,0.0,0.0,1.0,1.0,1.0,1.0,0.0,qRkQd30FTXO0V
M24,19,0.053,0.0,271.03,271.03,271.03,0.0,0.0,1.0,0.0,0.0,0.0,0.0,qRkQd30FTXO0V
Micro UZI,27,0.0,1.0,9.092857142857143,8.99,9.25,0.0,0.0,7.0,0.0,0.0,0.0,0.0,LIS020
VSS,29,0.138,0.0,40.3125,36.42,44.28,0.0,0.0,4.0,0.0,0.0,0.0,0.0,LIS020
M416,71,0.056,0.0,52.2675,49.81,54.71,0.0,0.0,3.0,0.0,0.0,1.0,0.0,BMW_Mopwer
Kar98k,9,0.111,0.0,130.68,130.68,130.68,0.0,0.0,1.0,0.0,0.0,0.0,0.0,HeMa-98king
AUG,134,0.052,0.0,18.645714285714288,5.38,49.56,0.0,0.0,5.0,1.0,0.0,1.0,0.0,MingleiHuang
Mk12,198,0.045,0.0,211.12444444444446,45.71,307.88,2.0,0.0,3.0,2.0,2.0,0.0,0.0,MingleiHuang
ACE32,46,0.13,0.5384615384615384,13.48076923076923,1.88,22.38,3.0,0.0,8.0,1.0,1.0,0.0,0.0,LMF563
Mk12,71,0.099,0.0,269.4642857142857,121.71,327.27,0.0,0.0,6.0,0.0,1.0,0.0,0.0,tyloo_xxxfx
ACE32,9,0.333,0.0,4.1433333333333335,3.05,5.5,0.0,0.0,1.0,1.0,0.0,1.0,0.0,ehh-1473
Micro UZI,12,0.167,0.0,5.105,4.76,5.45,0.0,0.0,0.0,0.0,2.0,0.0,0.0,Yorha_no2_type_B
ACE32,40,0.125,0.6428571428571429,15.397857142857143,8.78,31.77,2.0,0.0,4.0,2.0,1.0,5.0,0.0,tlj_sb
MP5K,71,0.07,0.7368421052631579,14.833157894736841,3.49,24.58,1.0,0.0,9.0,0.0,0.0,9.0,0.0,2025-ABC168
VSS,61,0.066,0.0,18.65,18.65,18.65,0.0,0.0,3.0,1.0,0.0,0.0,0.0,2025-ABC168
Frag Grenade,4,0.75,0.0,37.736666666666665,18.88,48.43,0.0,0.0,0.0,0.0,0.0,0.0,3.0,Echo_72L
M24,10,0.3,0.0,213.60333333333332,208.17,223.76,0.0,0.0,3.0,0.0,0.0,0.0,0.0,Echo_72L
M416,54,0.296,0.058823529411764705,22.684117647058823,2.86,48.85,0.0,0.0,6.0,2.0,0.0,9.0,0.0,Echo_72L
Beryl M762,27,0.111,0.5714285714285714,11.668571428571427,11.61,12.02,1.0,0.0,4.0,0.0,1.0,1.0,0.0,ZhangYunFei-----
Beryl M762,141,0.106,0.4444444444444444,16.729629629629628,7.77,26.26,0.0,0.0,21.0,1.0,0.0,5.0,0.0,Ganchaoying
QBZ95,94,0.085,0.7241379310344828,34.287241379310345,17.07,45.19,4.0,0.0,16.0,2.0,1.0,6.0,0.0,Ganchaoying
Kar98k,15,0.267,0.0,213.2725,146.27,352.45,0.0,0.0,2.0,2.0,0.0,0.0,0.0,SK_SupremeKing
QBZ95,14,0.286,0.0,24.325000000000003,24.02,24.67,0.0,0.0,3.0,0.0,0.0,1.0,0.0,buxomhzd3y
Frag Grenade,1,1.0,0.0,30.53,30.53,30.53,0.0,0.0,0.0,0.0,0.0,0.0,1.0,Sy9kk
MP5K,40,0.125,0.6428571428571429,8.627857142857142,5.43,13.58,0.0,0.0,8.0,5.0,1.0,0.0,0.0,Sy9kk
AUG,55,0.018,0.5,59.14,58.78,59.5,1.0,0.0,1.0,0.0,0.0,0.0,0.0,1doii_
M249,132,0.114,0.34782608695652173,109.40173913043478,51.96,150.5,2.0,0.0,8.0,6.0,1.0,6.0,0.0,1doii_
UMP45,57,0.386,0.0,14.35590909090909,11.15,17.42,2.0,0.0,17.0,3.0,0.0,0.0,0.0,1doii_
VSS,16,0.125,0.75,116.21000000000001,115.15,116.7,2.0,0.0,6.0,0.0,0.0,0.0,0.0,AKA-AGAO
Frag Grenade,1,1.0,0.0,40.01,40.01,40.01,0.0,0.0,0.0,0.0,0.0,0.0,1.0,chichichihoon
QBZ95,59,0.102,0.3333333333333333,21.87,5.93,26.42,2.0,0.0,4.0,0.0,1.0,2.0,0.0,chichichihoon
Beryl M762,38,0.079,0.0,14.719999999999999,14.69,14.75,0.0,0.0,3.0,0.0,0.0,0.0,0.0,iFTY_HuaHai
Frag Grenade,4,0.25,0.0,27.09,27.09,27.09,0.0,0.0,0.0,0.0,0.0,0.0,1.0,iFTY_HuaHai
Kar98k,5,0.2,0.0,36.76,36.76,36.76,1.0,0.0,0.0,0.0,0.0,0.0,0.0,iFTY_HuaHai
Kar98k,9,0.333,0.0,215.09,143.89,321.14,0.0,0.0,2.0,0.0,1.0,0.0,0.0,GGHHAAQQ
Frag Grenade,1,2.0,0.0,29.990000000000002,29.47,30.51,0.0,0.0,0.0,0.0,0.0,0.0,2.0,Uncle___9
Mk12,6,0.0,1.0,33.29,33.29,33.29,0.0,0.0,4.0,0.0,0.0,0.0,0.0,Uncle___9
QBZ95,16,0.438,0.0,12.569999999999999,5.27,17.98,0.0,0.0,3.0,2.0,0.0,2.0,0.0,Uncle___9
AKM,54,0.111,0.5714285714285714,2.059285714285714,0.82,3.61,0.0,0.0,10.0,0.0,1.0,3.0,0.0,123er456789
M416,14,0.071,0.0,69.6,69.6,69.6,0.0,0.0,1.0,0.0,0.0,0.0,0.0,goGnIvRM
M416,38,0.053,0.0,24.84,24.79,24.89,0.0,0.0,0.0,2.0,0.0,0.0,0.0,IUTo_r_su6
AUG,81,0.198,0.23809523809523808,15.856666666666667,4.29,32.32,2.0,0.0,6.0,3.0,4.0,6.0,0.0,8acm43i
Mk12,5,0.4,0.0,93.295,93.08,93.51,0.0,0.0,1.0,0.0,0.0,1.0,0.0,8acm43i
Frag Grenade,4,0.25,0.5,23.405,9.39,37.42,0.0,0.0,0.0,0.0,0.0,0.0,2.0,Flipped-1111
Kar98k,32,0.062,0.0,133.875,85.19,182.56,1.0,0.0,1.0,0.0,0.0,0.0,0.0,Flipped-1111
M416,28,0.036,0.75,44.4,40.9,54.71,1.0,0.0,0.0,2.0,0.0,1.0,0.0,kiro000000
SKS,20,0.05,0.0,301.0,301.0,301.0,0.0,0.0,0.0,0.0,1.0,0.0,0.0,kiro000000
Beryl M762,24,0.125,0.625,74.55125,70.02,84.73,0.0,0.0,5.0,2.0,1.0,0.0,0.0,91TTT_
Frag Grenade,6,0.333,0.0,31.474999999999998,26.58,36.37,0.0,0.0,0.0,0.0,0.0,0.0,2.0,91TTT_
Kar98k,10,0.3,0.0,256.2966666666667,255.73,256.91,1.0,0.0,1.0,0.0,1.0,0.0,0.0,91TTT_
MP5K,255,0.094,0.6190476190476191,19.61269841269841,1.94,84.21,8.0,0.0,34.0,3.0,6.0,12.0,0.0,91TTT_
QBZ95,30,0.167,0.6666666666666666,10.872666666666667,10.42,12.22,0.0,0.0,7.0,3.0,2.0,3.0,0.0,ONGA_1998
Frag Grenade,1,1.0,0.0,0.0,0.0,0.0,0.0,0.0,0.0,0.0,0.0,0.0,1.0,NobleBandit
MP5K,135,0.089,0.5714285714285714,22.34714285714286,4.72,60.26,1.0,0.0,17.0,0.0,1.0,9.0,0.0,DouYin-JiangYouM
M416,149,0.121,0.45454545454545453,20.02939393939394,2.68,78.28,5.0,0.0,21.0,0.0,4.0,3.0,0.0,wi-zwa
Mini14,154,0.071,0.0,235.31545454545451,78.32,474.06,1.0,0.0,4.0,1.0,0.0,5.0,0.0,wi-zwa
AUG,227,0.009,0.0,32.375,12.67,52.08,0.0,0.0,0.0,0.0,2.0,0.0,0.0,qwafrwaqgh
M416,8,0.5,0.0,2.06,2.06,2.06,0.0,0.0,4.0,0.0,0.0,0.0,0.0,qwafrwaqgh
Mk12,22,0.227,0.0,221.94400000000002,153.01,327.38,0.0,0.0,3.0,0.0,0.0,2.0,0.0,qwafrwaqgh
M416,23,0.087,0.0,12.59,12.58,12.6,0.0,0.0,1.0,1.0,0.0,0.0,0.0,YWJ199
Beryl M762,75,0.04,0.0,112.62666666666667,75.74,146.32,0.0,0.0,3.0,0.0,0.0,0.0,0.0,CJH123456789
QBU,57,0.053,0.0,171.49333333333334,118.63,261.65,1.0,0.0,2.0,0.0,0.0,0.0,0.0,CJH123456789
AUG,12,0.083,0.0,42.95,42.95,42.95,0.0,0.0,0.0,1.0,0.0,0.0,0.0,UrsulaRLaurie
M416,31,0.065,0.0,25.535,25.19,25.88,1.0,0.0,0.0,1.0,0.0,0.0,0.0,UrsulaRLaurie
MP5K,163,0.19,0.3404255319148936,3.9765957446808513,2.4,9.4,2.0,0.0,37.0,6.0,1.0,1.0,0.0,2iday
ACE32,23,0.0,1.0,30.44666666666667,30.34,30.56,0.0,0.0,0.0,0.0,0.0,3.0,0.0,BiLi36974963
Frag Grenade,3,0.333,0.5,34.155,30.21,38.1,0.0,0.0,0.0,0.0,0.0,0.0,2.0,RedNoseDear
MP5K,62,0.081,0.4444444444444444,24.453333333333333,12.93,60.26,0.0,0.0,3.0,2.0,2.0,2.0,0.0,RedNoseDear
M249,64,0.109,0.5625,28.208750000000002,18.36,48.85,0.0,0.0,10.0,3.0,2.0,1.0,0.0,hun555
ACE32,79,0.051,0.0,61.5075,56.58,65.47,1.0,0.0,1.0,0.0,1.0,1.0,0.0,5432e_
Frag Grenade,2,0.5,0.0,36.22,36.22,36.22,0.0,0.0,0.0,0.0,0.0,0.0,1.0,5432e_
M24,24,0.167,0.2,141.32,43.23,251.58,2.0,0.0,3.0,0.0,0.0,0.0,0.0,5432e_
ACE32,64,0.047,0.0,4.206666666666667,3.34,5.78,0.0,0.0,3.0,0.0,0.0,0.0,0.0,yyy____nnn
M416,24,0.0,1.0,11.533333333333331,11.52,11.54,2.0,0.0,0.0,1.0,0.0,0.0,0.0,wfz254
ACE32,84,0.036,0.625,6.04,3.75,9.0,4.0,0.0,3.0,0.0,1.0,0.0,0.0,steam-0-9
AUG,27,0.185,0.0,22.94,22.69,23.17,0.0,0.0,1.0,2.0,0.0,2.0,0.0,Melody-41
M24,2,0.5,0.0,72.77,72.77,72.77,0.0,0.0,1.0,0.0,0.0,0.0,0.0,Melody-41
Beryl M762,142,0.063,0.6666666666666666,9.576296296296297,1.39,22.38,2.0,0.0,13.0,9.0,2.0,1.0,0.0,b7brjUUIQ3
Mini14,81,0.062,0.0,291.51599999999996,214.41,349.03,1.0,0.0,3.0,0.0,0.0,1.0,0.0,b7brjUUIQ3
QBZ95,33,0.03,0.9,41.043,28.26,49.12,2.0,0.0,5.0,1.0,1.0,1.0,0.0,Agoni_Yi
ACE32,10,0.2,0.0,1.5899999999999999,1.44,1.74,0.0,0.0,1.0,0.0,0.0,1.0,0.0,YBZYXS123
QBZ95,12,0.083,0.0,42.62,42.62,42.62,1.0,0.0,0.0,0.0,0.0,0.0,0.0,JeackLi
AKM,29,0.483,0.0,12.257857142857144,7.9,15.86,2.0,0.0,11.0,1.0,0.0,0.0,0.0,Blackstar-V5
AUG,44,0.136,0.0,11.978333333333333,6.57,24.52,0.0,0.0,5.0,0.0,1.0,0.0,0.0,Blackstar-V5
M24,3,0.667,0.0,27.925,22.96,32.89,2.0,0.0,0.0,0.0,0.0,0.0,0.0,Blackstar-V5
MP5K,85,0.059,0.0,67.526,39.7,110.99,0.0,0.0,4.0,0.0,0.0,1.0,0.0,SuzNH
UMP45,37,0.027,0.0,33.75,33.75,33.75,1.0,0.0,0.0,0.0,0.0,0.0,0.0,Uncle-Guo-
AUG,123,0.081,0.16666666666666666,64.17083333333333,43.83,104.81,0.0,0.0,2.0,5.0,1.0,4.0,0.0,68kg-_-
Frag Grenade,5,0.0,1.0,41.48,41.48,41.48,0.0,0.0,0.0,0.0,0.0,0.0,1.0,68kg-_-
M416,61,0.115,0.4166666666666667,12.528333333333334,5.97,20.92,1.0,0.0,5.0,1.0,0.0,5.0,0.0,68kg-_-
QBU,91,0.055,0.16666666666666666,148.42499999999998,137.15,160.12,1.0,0.0,4.0,0.0,1.0,0.0,0.0,68kg-_-
AKM,52,0.173,0.0,23.412222222222223,20.38,25.67,1.0,0.0,4.0,4.0,0.0,0.0,0.0,iLnhwH5P
ACE32,7,0.0,1.0,13.99,13.96,14.01,1.0,0.0,1.0,0.0,0.0,1.0,0.0,zbzbkntanlianai
Beryl M762,120,0.083,0.6428571428571429,6.078571428571428,1.33,35.74,9.0,0.0,13.0,2.0,2.0,2.0,0.0,zbzbkntanlianai
Frag Grenade,4,0.5,0.0,14.93,11.79,18.07,0.0,0.0,0.0,0.0,0.0,0.0,2.0,zbzbkntanlianai
Kar98k,18,0.167,0.0,205.83333333333334,114.19,261.69,0.0,0.0,2.0,0.0,1.0,0.0,0.0,zbzbkntanlianai
Beryl M762,88,0.023,0.8571428571428571,18.955000000000002,2.34,49.81,2.0,0.0,6.0,2.0,1.0,3.0,0.0,Alex_Jinfu
Frag Grenade,4,0.25,0.5,23.57,0.0,47.14,0.0,0.0,0.0,0.0,0.0,0.0,2.0,Alex_Jinfu
M24,16,0.188,0.5,152.77333333333334,110.56,289.24,1.0,0.0,3.0,2.0,0.0,0.0,0.0,Alex_Jinfu
Thompson,10,0.2,0.0,1.705,1.53,1.88,0.0,0.0,2.0,0.0,0.0,0.0,0.0,wujiandong520
M416,43,0.047,0.9090909090909091,13.169545454545455,5.42,28.74,5.0,0.0,10.0,3.0,2.0,2.0,0.0,Mr-QiuDY
Mini14,15,0.2,0.0,362.84,358.9,370.72,0.0,0.0,1.0,0.0,2.0,0.0,0.0,Mr-QiuDY
M416,78,0.0,1.0,34.29,34.29,34.29,1.0,0.0,0.0,0.0,0.0,0.0,0.0,Yang_laosan00
Mk12,146,0.027,0.5,292.07,106.31,474.76,2.0,0.0,1.0,0.0,1.0,4.0,0.0,Yang_laosan00
M416,73,0.027,0.0,60.825,60.15,61.5,0.0,0.0,2.0,0.0,0.0,0.0,0.0,FTW8keqQ
UMP45,31,0.097,0.0,23.413333333333338,21.52,24.62,1.0,0.0,1.0,0.0,1.0,0.0,0.0,Yang-MK
AUG,49,0.061,0.0,58.89333333333334,33.43,73.57,0.0,0.0,1.0,0.0,2.0,0.0,0.0,ldkadk
Beryl M762,44,0.068,0.7692307692307693,14.894615384615385,4.18,42.77,2.0,0.0,7.0,2.0,1.0,1.0,0.0,A1luRe_
Mk12,48,0.083,0.0,197.6225,94.79,352.57,1.0,0.0,3.0,0.0,0.0,0.0,0.0,A1luRe_
Frag Grenade,2,0.5,0.0,46.97,46.97,46.97,0.0,0.0,0.0,0.0,0.0,0.0,1.0,OI0Il0l0l0OIl10
M24,28,0.036,0.5,207.1,153.05,261.15,1.0,0.0,1.0,0.0,0.0,0.0,0.0,OI0Il0l0l0OIl10
M416,79,0.114,0.18181818181818182,86.62454545454545,4.46,352.93,2.0,0.0,6.0,2.0,0.0,1.0,0.0,OI0Il0l0l0OIl10
Frag Grenade,1,2.0,0.0,39.09,38.02,40.16,0.0,0.0,0.0,0.0,0.0,0.0,2.0,SALVATl0N
ACE32,35,0.086,0.0,26.63333333333333,22.58,34.05,1.0,0.0,1.0,0.0,1.0,0.0,0.0,AkuAlfi
SKS,7,0.429,0.0,82.37666666666667,2.35,122.39,0.0,0.0,3.0,0.0,0.0,0.0,0.0,AkuAlfi
Frag Grenade,1,1.0,0.0,30.4,30.4,30.4,0.0,0.0,0.0,0.0,0.0,0.0,1.0,basketball7711
AKM,30,0.1,0.0,3.8233333333333337,2.99,5.37,0.0,0.0,1.0,1.0,1.0,0.0,0.0,Cheng654645
AKM,42,0.048,0.8461538461538461,21.734615384615385,3.26,52.83,0.0,0.0,10.0,0.0,2.0,1.0,0.0,TigeR-1O5
Kar98k,16,0.312,0.0,257.488,215.17,315.33,1.0,0.0,3.0,0.0,1.0,0.0,0.0,TigeR-1O5
M249,202,0.05,0.16666666666666666,18.599166666666665,11.65,35.08,1.0,0.0,10.0,0.0,1.0,0.0,0.0,DouYin_HanSenxxx
Mk12,46,0.065,0.625,129.34375,127.02,131.16,1.0,0.0,4.0,2.0,0.0,1.0,0.0,DouYin_HanSenxxx
Beryl M762,39,0.026,0.8333333333333334,4.581666666666667,3.13,11.23,0.0,0.0,6.0,0.0,0.0,0.0,0.0,Ka1ba1_
Kar98k,3,0.333,0.0,321.06,321.06,321.06,0.0,0.0,1.0,0.0,0.0,0.0,0.0,Ka1ba1_
P90,59,0.0,1.0,36.489999999999995,36.47,36.51,0.0,0.0,2.0,0.0,0.0,0.0,0.0,Ka1ba1_
M416,7,0.286,0.0,28.03,28.03,28.03,0.0,0.0,1.0,0.0,0.0,1.0,0.0,XiangGe_1216
Mini14,3,0.667,0.0,61.32,61.32,61.32,2.0,0.0,0.0,0.0,0.0,0.0,0.0,XiangGe_1216
AWM,2,0.5,0.0,157.11,157.11,157.11,1.0,0.0,0.0,0.0,0.0,0.0,0.0,SK_PaoFu
Frag Grenade,1,1.0,0.0,3.16,3.16,3.16,0.0,0.0,0.0,0.0,0.0,0.0,1.0,SK_PaoFu
M24,27,0.185,0.375,193.10750000000002,39.61,292.94,5.0,0.0,2.0,0.0,1.0,0.0,0.0,SK_PaoFu
Molotov Cocktail,1,1.0,0.0,9.88,9.88,9.88,0.0,0.0,0.0,0.0,0.0,0.0,1.0,SK_PaoFu
Beryl M762,4,0.0,1.0,11.42,11.42,11.42,0.0,0.0,0.0,0.0,1.0,0.0,0.0,t1anwob
Groza,70,0.1,0.0,64.93428571428572,44.51,83.46,2.0,0.0,5.0,0.0,0.0,0.0,0.0,t1anwob
SKS,9,0.111,0.0,328.05,328.05,328.05,0.0,0.0,0.0,0.0,0.0,1.0,0.0,t1anwob
M24,6,0.0,1.0,200.46,200.46,200.46,0.0,0.0,1.0,0.0,0.0,0.0,0.0,z6709
Mk47 Mutant,60,0.033,0.3333333333333333,154.42333333333332,106.63,249.96,1.0,0.0,1.0,0.0,0.0,1.0,0.0,VIE_LanhAn
SKS,19,0.105,0.0,1.0,0.96,1.04,1.0,0.0,1.0,0.0,0.0,0.0,0.0,VIE_LanhAn
Kar98k,15,0.267,0.3333333333333333,215.27666666666667,191.14,247.28,1.0,0.0,3.0,2.0,0.0,0.0,0.0,HuangGeZei6
AUG,52,0.038,0.0,13.145,12.04,14.25,0.0,0.0,1.0,0.0,0.0,1.0,0.0,K4Mn0QaMx
Frag Grenade,4,0.25,0.5,51.265,50.78,51.75,0.0,0.0,0.0,0.0,0.0,0.0,2.0,K4Mn0QaMx
AUG,13,0.077,0.0,12.37,12.37,12.37,0.0,0.0,1.0,0.0,0.0,0.0,0.0,SelfCleaningggg
Mk12,35,0.086,0.0,121.66333333333334,82.74,162.55,0.0,0.0,1.0,0.0,0.0,2.0,0.0,Duy-habibi
Frag Grenade,4,1.0,0.0,43.78,42.21,45.02,0.0,0.0,0.0,0.0,0.0,0.0,4.0,I9909-
Mk12,67,0.06,0.0,216.375,146.47,412.11,1.0,0.0,3.0,0.0,0.0,0.0,0.0,I9909-
Vector,98,0.143,0.5333333333333333,7.3966666666666665,0.83,22.5,1.0,0.0,18.0,3.0,5.0,3.0,0.0,I9909-
SKS,35,0.4,0.0,167.10214285714284,111.71,295.76,14.0,0.0,0.0,0.0,0.0,0.0,0.0,HUSHkakaO
AUG,12,0.417,0.0,32.9,32.9,32.9,1.0,0.0,4.0,0.0,0.0,0.0,0.0,iFTY_HuaHai
Beryl M762,75,0.04,0.8125,16.36,9.29,21.23,0.0,0.0,8.0,1.0,3.0,4.0,0.0,iFTY_HuaHai
Frag Grenade,1,1.0,0.0,31.7,31.7,31.7,0.0,0.0,0.0,0.0,0.0,0.0,1.0,iFTY_HuaHai
M24,10,0.2,0.0,483.855,476.96,490.75,0.0,0.0,1.0,0.0,0.0,1.0,0.0,iFTY_HuaHai
AUG,12,0.417,0.2857142857142857,41.82714285714286,40.67,43.27,0.0,0.0,7.0,0.0,0.0,0.0,0.0,4090Ti------
Mini14,27,0.148,0.0,319.03499999999997,132.17,381.47,0.0,0.0,1.0,3.0,0.0,0.0,0.0,4090Ti------
Mk12,43,0.186,0.0,322.22875,270.69,367.93,2.0,0.0,4.0,0.0,0.0,2.0,0.0,92950-
M416,11,0.273,0.4,21.818,18.62,26.1,0.0,0.0,4.0,0.0,1.0,0.0,0.0,SmccQAQ
AUG,36,0.111,0.0,21.07,17.92,23.97,2.0,0.0,2.0,0.0,0.0,0.0,0.0,Black_Yuucc---
M416,17,0.176,0.0,74.72,68.62,79.74,0.0,0.0,1.0,1.0,0.0,1.0,0.0,Black_Yuucc---
AKM,37,0.162,0.0,38.58833333333333,1.87,59.22,0.0,0.0,5.0,0.0,1.0,0.0,0.0,Gao-_Shou-
Frag Grenade,1,0.0,1.0,0.0,0.0,0.0,0.0,0.0,0.0,0.0,0.0,0.0,1.0,So1LangSon-
AUG,114,0.123,0.5333333333333333,14.91,4.14,28.04,7.0,0.0,19.0,1.0,1.0,2.0,0.0,moochz8yyp
Frag Grenade,2,0.5,0.0,25.68,25.68,25.68,0.0,0.0,0.0,0.0,0.0,0.0,1.0,moochz8yyp
Kar98k,14,0.0,1.0,269.83,269.83,269.83,0.0,0.0,1.0,0.0,0.0,0.0,0.0,moochz8yyp
Mini14,5,0.2,0.0,1.7,1.7,1.7,0.0,0.0,1.0,0.0,0.0,0.0,0.0,zqt-123_Z
Vector,60,0.083,0.0,1.1960000000000002,0.87,1.87,0.0,0.0,2.0,3.0,0.0,0.0,0.0,zqt-123_Z
ACE32,26,0.077,0.0,5.93,5.27,6.59,0.0,0.0,0.0,1.0,0.0,1.0,0.0,Amoschow
Frag Grenade,4,0.5,0.3333333333333333,19.49,0.0,46.3,0.0,0.0,0.0,0.0,0.0,0.0,3.0,Tu1e_o
M416,70,0.014,0.0,31.92,31.92,31.92,0.0,0.0,0.0,0.0,1.0,0.0,0.0,Tu1e_o
Mini14,74,0.054,0.5,277.97375,207.68,331.25,2.0,0.0,2.0,0.0,1.0,3.0,0.0,Tu1e_o
AUG,44,0.068,0.625,11.16,1.99,27.62,1.0,0.0,2.0,4.0,1.0,0.0,0.0,Yy5659_Chuyi
Frag Grenade,5,0.8,0.0,26.385,11.95,35.84,0.0,0.0,0.0,0.0,0.0,0.0,4.0,Yy5659_Chuyi
Mini14,125,0.04,0.16666666666666666,109.64333333333333,104.89,112.02,0.0,0.0,2.0,3.0,0.0,1.0,0.0,Yy5659_Chuyi
MG3,161,0.006,0.6666666666666666,95.83333333333333,36.87,213.76,1.0,0.0,2.0,0.0,0.0,0.0,0.0,Mr--Liangzai-
SKS,37,0.189,0.46153846153846156,183.45846153846153,66.35,272.38,3.0,0.0,4.0,1.0,2.0,3.0,0.0,Mr--Liangzai-
MP5K,26,0.154,0.0,68.78999999999999,68.71,68.85,1.0,0.0,1.0,0.0,2.0,0.0,0.0,taobaba663
Frag Grenade,2,0.5,0.0,67.11,67.11,67.11,0.0,0.0,0.0,0.0,0.0,0.0,1.0,yAngHuan-020313
M416,41,0.098,0.2,54.489999999999995,52.89,55.97,0.0,0.0,1.0,3.0,0.0,1.0,0.0,yAngHuan-020313
Mk12,17,0.235,0.0,128.5,82.73,191.6,1.0,0.0,3.0,0.0,0.0,0.0,0.0,yAngHuan-020313
AUG,49,0.02,0.875,17.1325,15.34,17.86,1.0,0.0,6.0,0.0,1.0,0.0,0.0,GUO-JIA1
Mk12,99,0.04,0.6,221.06199999999998,206.7,327.7,3.0,0.0,3.0,1.0,1.0,2.0,0.0,Kll-imxiaoxin
QBU,10,0.2,0.0,17.145000000000003,16.26,18.03,0.0,0.0,1.0,1.0,0.0,0.0,0.0,Kll-imxiaoxin
AUG,6,0.0,1.0,3.7533333333333334,3.7,3.81,2.0,0.0,1.0,0.0,0.0,0.0,0.0,easyc2uSone
Mk12,31,0.065,0.0,191.46,191.46,191.46,0.0,0.0,0.0,1.0,1.0,0.0,0.0,easyc2uSone
M16A4,61,0.131,0.2727272727272727,17.85363636363636,6.63,26.55,2.0,0.0,3.0,1.0,1.0,4.0,0.0,IrqTKYmd9R
Micro UZI,48,0.0,1.0,6.99,6.87,7.07,0.0,0.0,4.0,0.0,4.0,0.0,0.0,G-G-SQJ
Sawed-off,5,1.8,0.6086956521739131,3.758260869565217,0.8,6.33,5.0,0.0,9.0,0.0,9.0,0.0,0.0,G-G-SQJ
AUG,24,0.042,0.0,11.26,11.26,11.26,0.0,0.0,1.0,0.0,0.0,0.0,0.0,h21w8qrette
Beryl M762,11,0.273,0.0,20.54,20.29,20.84,0.0,0.0,2.0,1.0,0.0,0.0,0.0,floptopson
ACE32,24,0.042,0.0,15.63,15.63,15.63,0.0,0.0,1.0,0.0,0.0,0.0,0.0,Ohh_BoomBoomBoom
ACE32,21,0.048,0.0,14.73,14.73,14.73,1.0,0.0,0.0,0.0,0.0,0.0,0.0,BigQiqiu
Thompson,16,0.062,0.0,5.61,5.61,5.61,0.0,0.0,1.0,0.0,0.0,0.0,0.0,llllll32568
Beryl M762,12,0.25,0.25,13.86,13.32,14.51,1.0,0.0,1.0,2.0,0.0,0.0,0.0,Elk-Jie
Mini14,9,0.222,0.7142857142857143,86.09857142857143,85.31,86.81,1.0,0.0,5.0,1.0,0.0,0.0,0.0,Elk-Jie
AUG,18,0.056,0.0,592.72,592.72,592.72,0.0,0.0,0.0,0.0,0.0,1.0,0.0,Befall-o-
Beryl M762,79,0.139,0.56,11.6004,5.47,42.55,1.0,0.0,20.0,2.0,2.0,0.0,0.0,ming_zf
M416,152,0.257,0.0,21.54820512820513,3.31,32.75,4.0,0.0,25.0,4.0,3.0,3.0,0.0,ming_zf
ACE32,56,0.107,0.7272727272727273,3.966363636363636,1.65,13.62,2.0,0.0,8.0,1.0,6.0,5.0,0.0,Tina1bus
Frag Grenade,3,0.333,0.6666666666666666,24.73,0.0,40.72,0.0,0.0,0.0,0.0,0.0,0.0,3.0,chinayyds1232
M24,3,0.667,0.0,182.14,136.53,227.75,1.0,0.0,1.0,0.0,0.0,0.0,0.0,chinayyds1232
M416,84,0.119,0.3333333333333333,51.92933333333333,40.24,62.41,1.0,0.0,7.0,3.0,2.0,2.0,0.0,chinayyds1232
ACE32,100,0.04,0.0,18.5075,7.95,38.68,0.0,0.0,3.0,0.0,1.0,0.0,0.0,45dfahskjfh
Frag Grenade,3,0.667,0.3333333333333333,36.25,11.33,49.07,0.0,0.0,0.0,0.0,0.0,0.0,3.0,45dfahskjfh
Mk12,11,0.091,0.0,68.73,68.73,68.73,0.0,0.0,1.0,0.0,0.0,0.0,0.0,45dfahskjfh
Frag Grenade,1,2.0,0.0,4.715,0.0,9.43,0.0,0.0,0.0,0.0,0.0,0.0,2.0,JuanBao_ismine
ACE32,67,0.119,0.6363636363636364,20.121363636363636,11.25,30.03,2.0,0.0,14.0,3.0,1.0,2.0,0.0,zhuogg66
ACE32,35,0.114,0.0,37.3475,34.8,39.26,0.0,0.0,2.0,0.0,0.0,2.0,0.0,Largecapacity
Thompson,18,0.0,1.0,1.7225,1.7,1.74,1.0,0.0,3.0,0.0,0.0,0.0,0.0,0suann
AKM,46,0.152,0.5882352941176471,25.327058823529413,4.5,51.83,4.0,0.0,9.0,1.0,0.0,3.0,0.0,PUBG--LAO6
Beryl M762,18,0.167,0.25,17.72,17.7,17.77,2.0,0.0,2.0,0.0,0.0,0.0,0.0,PUBG--LAO6
ACE32,74,0.149,0.0,33.21818181818182,27.8,57.61,2.0,0.0,7.0,1.0,0.0,1.0,0.0,18680412454
Frag Grenade,1,1.0,0.0,39.59,39.59,39.59,0.0,0.0,0.0,0.0,0.0,0.0,1.0,18680412454
Mk12,27,0.185,0.6428571428571429,51.28642857142857,36.07,101.3,1.0,0.0,3.0,6.0,3.0,1.0,0.0,Jiqco
AUG,48,0.229,0.42105263157894735,19.431578947368422,12.44,38.43,2.0,0.0,11.0,1.0,2.0,3.0,0.0,Sara_Baro
Mini14,74,0.027,0.0,224.01,214.13,233.89,0.0,0.0,2.0,0.0,0.0,0.0,0.0,Sara_Baro
Beryl M762,69,0.043,0.4,12.6,8.58,13.62,1.0,0.0,1.0,2.0,0.0,1.0,0.0,skrly123
QBU,9,0.111,0.0,157.79,157.79,157.79,0.0,0.0,1.0,0.0,0.0,0.0,0.0,skrly123
Beryl M762,56,0.107,0.5,36.0025,27.71,38.84,2.0,0.0,7.0,1.0,0.0,2.0,0.0,faifairyy
M16A4,54,0.13,0.125,31.915,21.83,41.91,0.0,0.0,4.0,0.0,0.0,4.0,0.0,nbone007
UMP45,68,0.191,0.2777777777777778,7.176666666666667,2.39,13.93,1.0,0.0,9.0,2.0,1.0,5.0,0.0,nbone007
UMP45,26,0.231,0.0,33.32333333333333,7.8,59.06,1.0,0.0,2.0,1.0,0.0,2.0,0.0,7iiu-_-
Beryl M762,41,0.073,0.6666666666666666,9.64111111111111,5.75,14.81,2.0,0.0,7.0,0.0,0.0,0.0,0.0,xl-yyds_
AUG,19,0.053,0.0,11.33,11.33,11.33,0.0,0.0,1.0,0.0,0.0,0.0,0.0,huge-wuhuhu
Beryl M762,103,0.049,0.4444444444444444,47.29222222222222,10.6,92.39,2.0,0.0,4.0,0.0,2.0,1.0,0.0,Zhhhhhhhhhhhh1c
Frag Grenade,3,0.333,0.0,75.7,75.7,75.7,0.0,0.0,0.0,0.0,0.0,0.0,1.0,Zhhhhhhhhhhhh1c
M24,74,0.081,0.25,232.09375,160.12,323.76,2.0,0.0,3.0,2.0,0.0,1.0,0.0,Zhhhhhhhhhhhh1c
MP5K,97,0.072,0.46153846153846156,13.474615384615383,1.74,33.95,0.0,0.0,12.0,1.0,0.0,0.0,0.0,Sara_JIHAJUNSU
QBZ95,7,0.286,0.0,3.575,3.53,3.62,0.0,0.0,0.0,1.0,0.0,1.0,0.0,pdypyyp
Frag Grenade,1,1.0,0.0,0.0,0.0,0.0,0.0,0.0,0.0,0.0,0.0,0.0,1.0,IChuyi_-
QBZ95,20,0.1,0.0,24.7,24.16,25.24,0.0,0.0,2.0,0.0,0.0,0.0,0.0,Almightymaid
Frag Grenade,1,0.0,1.0,0.0,0.0,0.0,0.0,0.0,0.0,0.0,0.0,0.0,1.0,2yaRyoikiTenkai
M249,14,0.071,0.0,54.25,54.25,54.25,0.0,0.0,1.0,0.0,0.0,0.0,0.0,2yaRyoikiTenkai
M249,32,0.094,0.0,29.52333333333333,29.31,29.69,0.0,0.0,3.0,0.0,0.0,0.0,0.0,IntoYourHeart-
ACE32,53,0.0,1.0,13.22125,12.62,13.44,0.0,0.0,3.0,0.0,3.0,2.0,0.0,Inovance_N
Frag Grenade,2,0.5,0.0,73.28,73.28,73.28,0.0,0.0,0.0,0.0,0.0,0.0,1.0,Inovance_N
Kar98k,80,0.2,0.058823529411764705,221.04117647058823,103.53,565.03,6.0,0.0,7.0,0.0,1.0,3.0,0.0,Inovance_N
UMP45,63,0.063,0.75,18.48,2.97,42.33,1.0,0.0,10.0,1.0,2.0,2.0,0.0,ATM-970524
M416,61,0.098,0.625,18.38375,6.68,48.97,0.0,0.0,14.0,0.0,0.0,2.0,0.0,iRocns_
ACE32,67,0.119,0.7241379310344828,12.131379310344828,5.74,34.97,4.0,0.0,11.0,1.0,5.0,8.0,0.0,Ach94-
Frag Grenade,3,0.333,0.5,22.775,22.62,22.93,0.0,0.0,0.0,0.0,0.0,0.0,2.0,Ach94-
SKS,83,0.169,0.36363636363636365,147.865,90.43,290.07,5.0,0.0,10.0,3.0,2.0,2.0,0.0,Ach94-
ACE32,74,0.014,0.0,49.46,49.46,49.46,0.0,0.0,1.0,0.0,0.0,0.0,0.0,4AM-uiinfsd
Frag Grenade,5,0.2,0.0,19.21,19.21,19.21,0.0,0.0,0.0,0.0,0.0,0.0,1.0,4AM-uiinfsd
AUG,26,0.115,0.4,16.972,6.15,24.22,0.0,0.0,5.0,0.0,0.0,0.0,0.0,JS__SG
Frag Grenade,1,1.0,0.5,28.48,25.59,31.37,0.0,0.0,0.0,0.0,0.0,0.0,2.0,JS__SG
MP5K,8,0.25,0.0,5.475,5.36,5.59,0.0,0.0,2.0,0.0,0.0,0.0,0.0,JS__SG
AUG,21,0.143,0.5714285714285714,20.422857142857143,18.77,21.23,0.0,0.0,3.0,1.0,0.0,3.0,0.0,qpfdsb222
ACE32,28,0.107,0.5,32.61,32.19,32.95,0.0,0.0,5.0,0.0,0.0,1.0,0.0,Qinc_A
Mk12,50,0.04,0.0,206.925,182.24,231.61,0.0,0.0,1.0,0.0,0.0,1.0,0.0,Qinc_A
AUG,84,0.155,0.0,27.44615384615384,1.97,38.37,1.0,0.0,8.0,0.0,1.0,3.0,0.0,Barterchen
UMP45,41,0.293,0.0,26.135,10.51,45.27,1.0,0.0,9.0,1.0,0.0,1.0,0.0,Barterchen
AKM,21,0.048,0.0,1.99,1.99,1.99,0.0,0.0,0.0,0.0,0.0,1.0,0.0,TOPbreeze
Beryl M762,13,0.154,0.0,30.03,30.03,30.03,0.0,0.0,2.0,0.0,0.0,0.0,0.0,TOPbreeze
SKS,37,0.108,0.3333333333333333,191.02666666666667,190.06,191.46,1.0,0.0,4.0,1.0,0.0,0.0,0.0,TOPbreeze
Micro UZI,8,0.25,0.0,20.605,20.54,20.67,0.0,0.0,2.0,0.0,0.0,0.0,0.0,HuYa_79321
AUG,58,0.103,0.5384615384615384,10.707692307692307,5.85,19.37,0.0,0.0,5.0,7.0,0.0,1.0,0.0,iFTY_HuaHai
Beryl M762,75,0.067,0.75,18.3005,2.39,37.07,3.0,0.0,13.0,1.0,3.0,0.0,0.0,iFTY_HuaHai
Mk12,30,0.267,0.1111111111111111,43.35888888888889,32.41,72.37,2.0,0.0,4.0,1.0,1.0,1.0,0.0,iFTY_HuaHai
Beryl M762,110,0.036,0.3333333333333333,16.286666666666665,9.34,50.83,0.0,0.0,6.0,0.0,0.0,0.0,0.0,IPhone16ProMax9T
M24,23,0.043,0.0,153.03,153.03,153.03,0.0,0.0,1.0,0.0,0.0,0.0,0.0,IPhone16ProMax9T
ACE32,25,0.04,0.0,2.16,2.16,2.16,0.0,0.0,0.0,0.0,0.0,1.0,0.0,longchangnanshen
AUG,80,0.038,0.5714285714285714,7.758571428571429,6.73,8.1,1.0,0.0,3.0,2.0,0.0,1.0,0.0,LaoHu110218
Kar98k,14,0.071,0.0,256.39,256.39,256.39,0.0,0.0,1.0,0.0,0.0,0.0,0.0,LaoHu110218
ACE32,26,0.038,0.0,59.02,59.02,59.02,0.0,0.0,1.0,0.0,0.0,0.0,0.0,LspNqSmw
Beryl M762,10,0.2,0.0,43.765,43.64,43.89,0.0,0.0,2.0,0.0,0.0,0.0,0.0,LspNqSmw
AUG,48,0.125,0.14285714285714285,84.97142857142856,80.57,108.39,0.0,0.0,4.0,0.0,3.0,0.0,0.0,x-_hed
M416,57,0.246,0.0,11.752142857142857,3.25,27.94,0.0,0.0,10.0,3.0,1.0,0.0,0.0,x-_hed
ACE32,33,0.061,0.3333333333333333,33.63666666666666,31.91,35.43,2.0,0.0,0.0,1.0,0.0,0.0,0.0,hde__1
Beryl M762,47,0.064,0.7,21.968,6.56,40.31,1.0,0.0,5.0,1.0,2.0,1.0,0.0,hde__1
Frag Grenade,3,0.667,0.0,29.729999999999997,15.02,44.44,0.0,0.0,0.0,0.0,0.0,0.0,2.0,hde__1
M249,114,0.053,0.45454545454545453,21.349090909090908,13.97,23.97,0.0,0.0,2.0,1.0,0.0,8.0,0.0,hde__1
QBU,4,0.0,1.0,203.33,203.33,203.33,0.0,0.0,1.0,0.0,0.0,0.0,0.0,hde__1
Micro UZI,25,0.2,0.0,11.872,10.39,13.02,0.0,0.0,4.0,0.0,1.0,0.0,0.0,WgOoFuck
AKM,30,0.2,0.625,8.091875,3.48,17.74,0.0,0.0,12.0,0.0,1.0,3.0,0.0,Huya_074432
QBZ95,17,0.176,0.0,52.123333333333335,52.11,52.15,1.0,0.0,1.0,0.0,0.0,1.0,0.0,Huya_074432
ACE32,124,0.089,0.3888888888888889,23.781111111111112,2.12,184.32,3.0,0.0,6.0,0.0,3.0,6.0,0.0,China-_0
Beryl M762,39,0.051,0.3333333333333333,52.35999999999999,51.69,53.23,0.0,0.0,3.0,0.0,0.0,0.0,0.0,China-_0
Frag Grenade,2,1.0,0.0,18.235,6.38,30.09,0.0,0.0,0.0,0.0,0.0,0.0,2.0,China-_0
AKM,24,0.125,0.0,7.739999999999999,5.61,8.95,1.0,0.0,1.0,0.0,1.0,0.0,0.0,wanglei00001
Beryl M762,52,0.077,0.7333333333333333,13.762,9.83,24.63,2.0,0.0,7.0,4.0,1.0,1.0,0.0,wanglei00001
M416,34,0.059,0.5,50.685,47.46,54.52,1.0,0.0,1.0,1.0,0.0,1.0,0.0,wanglei00001
M416,38,0.105,0.6363636363636364,25.15909090909091,15.04,26.84,1.0,0.0,3.0,0.0,1.0,6.0,0.0,Opao---
Beryl M762,49,0.122,0.0,18.091666666666665,4.31,23.32,0.0,0.0,2.0,1.0,3.0,0.0,0.0,RouSi-0D
Frag Grenade,3,0.333,0.0,24.66,24.66,24.66,0.0,0.0,0.0,0.0,0.0,0.0,1.0,RouSi-0D
Groza,33,0.212,0.0,29.34142857142857,22.56,36.21,1.0,0.0,4.0,2.0,0.0,0.0,0.0,RouSi-0D
M24,8,0.125,0.0,264.14,264.14,264.14,0.0,0.0,1.0,0.0,0.0,0.0,0.0,RouSi-0D
Beryl M762,20,0.05,0.0,53.33,53.33,53.33,1.0,0.0,0.0,0.0,0.0,0.0,0.0,LP-Yangui
Frag Grenade,2,0.5,0.0,0.0,0.0,0.0,0.0,0.0,0.0,0.0,0.0,0.0,1.0,LP-Yangui
Micro UZI,13,0.077,0.0,6.03,6.03,6.03,0.0,0.0,1.0,0.0,0.0,0.0,0.0,WLM_DJ-M24
Thompson,25,0.12,0.0,1.55,1.12,1.91,0.0,0.0,0.0,0.0,0.0,3.0,0.0,An77u
Beryl M762,8,0.25,0.0,7.365,7.27,7.46,0.0,0.0,2.0,0.0,0.0,0.0,0.0,wuyanzhumo
AKM,14,0.429,0.25,5.485,4.27,6.96,1.0,0.0,5.0,1.0,1.0,0.0,0.0,DunchonNuclear
Mk12,66,0.091,0.0,166.87666666666667,142.56,266.13,0.0,0.0,2.0,2.0,1.0,1.0,0.0,RememberDreann
QBZ95,112,0.018,0.9047619047619048,7.782857142857143,5.91,26.49,3.0,0.0,11.0,1.0,0.0,6.0,0.0,RememberDreann
Beryl M762,25,0.0,1.0,50.07,50.07,50.07,1.0,0.0,0.0,0.0,0.0,0.0,0.0,MarTha_ShenSir
Mini14,19,0.053,0.0,175.92,175.92,175.92,0.0,0.0,0.0,1.0,0.0,0.0,0.0,MarTha_ShenSir
M24,16,0.188,0.0,207.44333333333336,198.53,212.21,1.0,0.0,2.0,0.0,0.0,0.0,0.0,hu6gege
ACE32,22,0.136,0.0,19.41,13.47,31.26,0.0,0.0,3.0,0.0,0.0,0.0,0.0,H-H-H-H-H_
Frag Grenade,2,0.5,0.0,46.68,46.68,46.68,0.0,0.0,0.0,0.0,0.0,0.0,1.0,H-H-H-H-H_
M416,67,0.164,0.0,29.315454545454546,7.58,47.72,2.0,0.0,5.0,0.0,4.0,0.0,0.0,H-H-H-H-H_
Mini14,3,0.667,0.3333333333333333,65.64999999999999,65.62,65.71,3.0,0.0,0.0,0.0,0.0,0.0,0.0,H-H-H-H-H_
ACE32,15,0.133,0.0,61.77,61.77,61.77,0.0,0.0,2.0,0.0,0.0,0.0,0.0,Destin_WvWv
Micro UZI,22,0.091,0.7777777777777778,5.680000000000001,5.07,6.67,1.0,0.0,5.0,3.0,0.0,0.0,0.0,Destin_WvWv
ACE32,8,0.125,0.0,2.45,2.45,2.45,0.0,0.0,1.0,0.0,0.0,0.0,0.0,hcswe
ACE32,73,0.068,0.6666666666666666,31.05,26.98,59.08,1.0,0.0,8.0,3.0,2.0,1.0,0.0,ICE-Peri
Beryl M762,115,0.017,0.9,11.4955,4.13,79.87,1.0,0.0,10.0,1.0,2.0,6.0,0.0,cIXbgsE
ACE32,4,0.25,0.0,1.74,1.74,1.74,0.0,0.0,0.0,0.0,1.0,0.0,0.0,129600GA
Beryl M762,36,0.167,0.3333333333333333,31.602222222222224,11.02,52.84,3.0,0.0,5.0,0.0,1.0,0.0,0.0,Azxn_kb
AKM,63,0.063,0.75,18.268125,14.32,23.79,0.0,0.0,7.0,4.0,2.0,3.0,0.0,Gsx_R1000
MP5K,122,0.074,0.4375,27.743125,7.06,76.06,2.0,0.0,10.0,2.0,1.0,1.0,0.0,kacc_
Frag Grenade,3,0.333,0.0,6.4,6.4,6.4,0.0,0.0,0.0,0.0,0.0,0.0,1.0,koi-rui
Kar98k,13,0.154,0.0,169.23000000000002,164.35,174.11,2.0,0.0,0.0,0.0,0.0,0.0,0.0,koi-rui
QBZ95,45,0.044,0.0,31.604999999999997,17.73,45.48,0.0,0.0,2.0,0.0,0.0,0.0,0.0,koi-rui
M416,16,0.062,0.75,19.505,19.18,19.84,0.0,0.0,3.0,0.0,0.0,1.0,0.0,Bangbanggejier
QBU,15,0.267,0.0,246.66750000000002,245.43,247.08,0.0,0.0,3.0,0.0,1.0,0.0,0.0,Bangbanggejier
M249,48,0.042,0.0,39.1,27.59,50.61,0.0,0.0,2.0,0.0,0.0,0.0,0.0,SN000PD0GGG
Mini14,23,0.391,0.0,460.2811111111111,444.91,480.44,9.0,0.0,0.0,0.0,0.0,0.0,0.0,xiaogojiao
Frag Grenade,5,0.2,0.0,14.54,14.54,14.54,0.0,0.0,0.0,0.0,0.0,0.0,1.0,Yang_laosan00
Kar98k,39,0.128,0.0,273.608,116.17,641.96,1.0,0.0,4.0,0.0,0.0,0.0,0.0,Yang_laosan00
M416,216,0.042,0.625,23.208333333333332,0.8,53.4,4.0,0.0,15.0,0.0,1.0,4.0,0.0,Yang_laosan00
M249,340,0.047,0.5151515151515151,28.229393939393937,8.29,309.47,1.0,0.0,12.0,7.0,4.0,9.0,0.0,toffqifei
Mini14,13,0.077,0.0,88.23,88.23,88.23,0.0,0.0,1.0,0.0,0.0,0.0,0.0,toffqifei
Frag Grenade,10,0.4,0.3333333333333333,24.605,0.0,54.66,0.0,0.0,0.0,0.0,0.0,0.0,6.0,XD-JJ18CM
M24,5,0.4,0.0,103.215,59.33,147.1,2.0,0.0,0.0,0.0,0.0,0.0,0.0,XD-JJ18CM
MP5K,132,0.129,0.5142857142857142,28.97142857142857,4.53,70.82,11.0,0.0,21.0,2.0,1.0,0.0,0.0,XD-JJ18CM
Vector,18,0.111,0.3333333333333333,116.41333333333334,86.91,131.17,1.0,0.0,1.0,1.0,0.0,0.0,0.0,XD-JJ18CM
Beryl M762,9,0.222,0.0,30.08,29.92,30.24,0.0,0.0,0.0,0.0,0.0,2.0,0.0,ABG__AGR
ACE32,31,0.161,0.16666666666666666,37.48833333333334,15.49,70.52,2.0,0.0,1.0,0.0,1.0,2.0,0.0,chamsae99irl
MP5K,164,0.183,0.3023255813953488,47.722093023255816,27.59,78.9,5.0,0.0,25.0,2.0,7.0,4.0,0.0,chamsae99irl
AUG,12,0.25,0.0,3.283333333333333,3.21,3.33,1.0,0.0,1.0,0.0,1.0,0.0,0.0,chiwodedabishi
Mk12,73,0.027,0.0,92.23,90.28,94.18,0.0,0.0,1.0,1.0,0.0,0.0,0.0,chiwodedabishi
MP5K,24,0.208,0.5,2.786,2.63,3.42,0.0,0.0,9.0,0.0,1.0,0.0,0.0,A-S-boy
Beryl M762,38,0.105,0.6363636363636364,7.499090909090909,3.62,9.95,1.0,0.0,6.0,2.0,0.0,2.0,0.0,Zane1197
Beryl M762,70,0.071,0.0,57.198,3.24,71.15,0.0,0.0,1.0,2.0,0.0,2.0,0.0,PandaTV_1968491
M24,4,0.5,0.0,81.38000000000001,33.9,128.86,0.0,0.0,1.0,1.0,0.0,0.0,0.0,PandaTV_1968491
AKM,46,0.022,0.0,58.38,58.38,58.38,0.0,0.0,1.0,0.0,0.0,0.0,0.0,J122_Q
M249,19,0.053,0.0,14.71,14.71,14.71,0.0,0.0,0.0,0.0,0.0,1.0,0.0,GuoKangGG
Frag Grenade,1,1.0,0.0,22.04,22.04,22.04,0.0,0.0,0.0,0.0,0.0,0.0,1.0,1523654
M416,29,0.034,0.875,32.52875,1.93,47.4,2.0,0.0,6.0,0.0,0.0,0.0,0.0,1523654
AUG,37,0.108,0.6923076923076923,23.909230769230767,22.84,25.45,3.0,0.0,8.0,0.0,1.0,1.0,0.0,001eve
Mk12,115,0.026,0.5,442.2716666666667,408.44,462.22,1.0,0.0,5.0,0.0,0.0,0.0,0.0,001eve
Groza,52,0.25,0.07142857142857142,27.825,22.16,32.69,3.0,0.0,9.0,0.0,2.0,0.0,0.0,fsduscv
Kar98k,14,0.357,0.0,173.268,72.94,300.79,2.0,0.0,3.0,0.0,0.0,0.0,0.0,fsduscv
VSS,69,0.043,0.5714285714285714,47.24285714285715,22.1,107.72,2.0,0.0,5.0,0.0,0.0,0.0,0.0,fsduscv
ACE32,54,0.0,1.0,13.015,11.27,14.76,0.0,0.0,1.0,0.0,0.0,1.0,0.0,DouYu-WangLaoWu
Beryl M762,18,0.056,0.0,49.18,49.18,49.18,1.0,0.0,0.0,0.0,0.0,0.0,0.0,6iol-
AKM,19,0.053,0.0,6.12,6.12,6.12,0.0,0.0,0.0,0.0,1.0,0.0,0.0,SUBZERO-MAN
ACE32,8,0.25,0.0,15.18,15.08,15.28,1.0,0.0,1.0,0.0,0.0,0.0,0.0,Baby_-Ui
AKM,8,0.0,1.0,12.1,12.1,12.1,0.0,0.0,0.0,4.0,0.0,0.0,0.0,Baby_-Ui
Frag Grenade,4,0.25,0.5,26.21,17.55,34.87,0.0,0.0,0.0,0.0,0.0,0.0,2.0,Baby_-Ui
M16A4,15,0.133,0.3333333333333333,17.79,17.79,17.79,3.0,0.0,0.0,0.0,0.0,0.0,0.0,Baby_-Ui
MP5K,154,0.071,0.6451612903225806,18.141612903225806,6.68,41.83,18.0,0.0,6.0,5.0,0.0,2.0,0.0,AOSS00106
AUG,19,0.158,0.0,24.53,24.53,24.53,0.0,0.0,3.0,0.0,0.0,0.0,0.0,apiao
AWM,5,0.2,0.0,85.54,85.54,85.54,0.0,0.0,1.0,0.0,0.0,0.0,0.0,PM3_Wx_14095
Mk12,20,0.2,0.0,286.545,285.19,287.55,0.0,0.0,2.0,2.0,0.0,0.0,0.0,PM3_Wx_14095
P90,54,0.093,0.75,4.701,3.7,6.96,1.0,0.0,9.0,1.0,4.0,5.0,0.0,PM3_Wx_14095
AKM,65,0.169,0.45,24.2765,14.42,41.26,0.0,0.0,16.0,1.0,2.0,1.0,0.0,iFTY_HuaHai
Beryl M762,48,0.146,0.6666666666666666,11.787619047619048,2.25,23.41,4.0,0.0,8.0,6.0,2.0,1.0,0.0,iFTY_HuaHai
AKM,5,0.4,0.0,2.9,2.78,3.02,0.0,0.0,2.0,0.0,0.0,0.0,0.0,Douyu_0206
ACE32,72,0.056,0.0,33.1825,32.88,33.48,2.0,0.0,1.0,0.0,1.0,0.0,0.0,Txx_xm
Kar98k,2,0.5,0.0,88.32,88.32,88.32,0.0,0.0,0.0,0.0,1.0,0.0,0.0,MrStarLink
Mk12,12,0.083,0.0,321.47,321.47,321.47,0.0,0.0,0.0,0.0,0.0,1.0,0.0,7c_Yes-
AUG,13,0.231,0.0,17.713333333333335,17.56,17.79,0.0,0.0,1.0,0.0,2.0,0.0,0.0,iii_-7iu
Beryl M762,41,0.122,0.4444444444444444,63.51444444444444,38.08,161.77,2.0,0.0,6.0,0.0,0.0,1.0,0.0,vps-cc
AUG,59,0.051,0.0,24.48,24.48,24.48,0.0,0.0,2.0,0.0,0.0,1.0,0.0,TuFei0777
Kar98k,31,0.161,0.0,126.146,102.4,176.6,3.0,0.0,1.0,0.0,1.0,0.0,0.0,TuFei0777
ACE32,29,0.0,1.0,7.481333333333334,3.66,18.29,3.0,0.0,10.0,0.0,1.0,1.0,0.0,HeX1anMz_-
Beryl M762,26,0.192,0.0,39.298,5.65,48.6,0.0,0.0,3.0,1.0,1.0,0.0,0.0,HeX1anMz_-
SKS,5,0.4,0.0,92.295,92.29,92.3,1.0,0.0,1.0,0.0,0.0,0.0,0.0,HeX1anMz_-
Beryl M762,16,0.312,0.2857142857142857,13.644285714285715,11.14,19.73,3.0,0.0,3.0,0.0,0.0,1.0,0.0,DAGEGE021103
M16A4,9,0.444,0.42857142857142855,93.7,93.6,93.81,1.0,0.0,5.0,1.0,0.0,0.0,0.0,DjkZaCao
Beryl M762,67,0.015,0.0,7.76,7.76,7.76,0.0,0.0,0.0,1.0,0.0,0.0,0.0,Sniper_AKay1st
AKM,106,0.047,0.16666666666666666,88.36166666666666,33.48,115.72,1.0,0.0,1.0,2.0,1.0,1.0,0.0,Djkdjk520
SKS,35,0.0,1.0,119.19333333333333,118.91,119.46,0.0,0.0,1.0,0.0,0.0,2.0,0.0,Djkdjk520
Beryl M762,42,0.095,0.6363636363636364,3.9427272727272724,1.34,5.14,3.0,0.0,6.0,2.0,0.0,0.0,0.0,qwerercvcgg
Kar98k,23,0.087,0.0,181.94,104.35,259.53,1.0,0.0,1.0,0.0,0.0,0.0,0.0,i-Tiao_-
Mk12,66,0.061,0.0,79.52,68.39,83.86,1.0,0.0,3.0,0.0,0.0,0.0,0.0,Xxxx-s_-
Beryl M762,15,0.133,0.0,65.13,64.53,65.73,0.0,0.0,1.0,0.0,1.0,0.0,0.0,MNi_xiaoLang
AUG,114,0.061,0.0,50.68142857142857,28.09,94.2,0.0,0.0,5.0,1.0,0.0,1.0,0.0,crushless
Beryl M762,36,0.278,0.2857142857142857,31.604999999999997,6.97,50.19,3.0,0.0,9.0,0.0,1.0,1.0,0.0,crushless
UMP45,36,0.167,0.7142857142857143,14.42095238095238,1.82,64.94,3.0,0.0,14.0,0.0,3.0,1.0,0.0,crushless
QBZ95,44,0.273,0.0,27.664166666666663,8.38,39.25,0.0,0.0,5.0,4.0,0.0,3.0,0.0,LyDanh-JAV
QBZ95,13,0.308,0.0,17.3575,17.34,17.4,0.0,0.0,4.0,0.0,0.0,0.0,0.0,LuongCoiLC
Thompson,56,0.036,0.8181818181818182,7.988181818181818,2.85,22.83,2.0,0.0,8.0,0.0,1.0,0.0,0.0,LuongCoiLC
AUG,21,0.0,1.0,20.52,20.52,20.52,0.0,0.0,1.0,0.0,0.0,0.0,0.0,Tr0ngg9
QBU,6,0.333,0.0,73.44,73.44,73.44,0.0,0.0,2.0,0.0,0.0,0.0,0.0,Tr0ngg9
Frag Grenade,4,1.0,0.0,41.552499999999995,40.62,43.62,0.0,0.0,0.0,0.0,0.0,0.0,4.0,DNF-88888
M24,17,0.118,0.6666666666666666,323.425,288.43,357.98,1.0,0.0,1.0,0.0,1.0,3.0,0.0,DNF-88888
M249,56,0.071,0.3333333333333333,27.046666666666667,17.1,46.58,0.0,0.0,2.0,0.0,2.0,2.0,0.0,DNF-88888
AWM,7,0.714,0.2857142857142857,136.16285714285715,77.19,225.77,3.0,0.0,1.0,2.0,1.0,0.0,0.0,Imo-ovo
Beryl M762,78,0.192,0.0,11.731333333333334,2.73,22.87,1.0,0.0,13.0,1.0,0.0,0.0,0.0,Imo-ovo
M416,131,0.336,0.34328358208955223,15.768358208955224,2.22,28.43,2.0,0.0,33.0,10.0,5.0,17.0,0.0,Imo-ovo
Mk47 Mutant,24,0.375,0.0,3.5555555555555554,1.97,6.08,2.0,0.0,6.0,0.0,1.0,0.0,0.0,Imo-ovo
UMP45,6,0.5,0.0,3.4233333333333333,3.32,3.63,1.0,0.0,2.0,0.0,0.0,0.0,0.0,Imo-ovo
Mini14,41,0.098,0.0,248.9975,70.57,429.46,0.0,0.0,3.0,0.0,0.0,1.0,0.0,Stanley8-_-1
M24,1,0.0,1.0,247.9,247.9,247.9,1.0,0.0,0.0,0.0,0.0,0.0,0.0,TGBYHBRFV
MP5K,30,0.133,0.42857142857142855,5.109999999999999,3.49,5.89,0.0,0.0,4.0,0.0,0.0,3.0,0.0,89757ready
Frag Grenade,2,0.5,0.0,69.89,69.89,69.89,0.0,0.0,0.0,0.0,0.0,0.0,1.0,LilPie1
Beryl M762,280,0.057,0.7922077922077922,11.793116883116884,2.05,78.17,6.0,0.0,45.0,7.0,3.0,16.0,0.0,CYChenoooooo
Frag Grenade,1,1.0,0.0,40.44,40.44,40.44,0.0,0.0,0.0,0.0,0.0,0.0,1.0,CYChenoooooo
AUG,43,0.047,0.7142857142857143,11.112857142857143,5.66,24.92,1.0,0.0,4.0,0.0,2.0,0.0,0.0,MinnhThu
Mk12,149,0.054,0.1111111111111111,227.01444444444445,214.74,252.34,1.0,0.0,5.0,1.0,2.0,0.0,0.0,MinnhThu
ACE32,48,0.083,0.2,16.096,12.44,21.85,4.0,0.0,1.0,0.0,0.0,0.0,0.0,Saibasian
AUG,241,0.008,0.6666666666666666,46.09166666666667,34.57,99.11,1.0,0.0,4.0,0.0,0.0,1.0,0.0,hehe2333biu
Thompson,44,0.136,0.3333333333333333,10.335555555555555,8.26,12.22,1.0,0.0,4.0,1.0,1.0,2.0,0.0,hehe2333biu
UMP45,3,0.333,0.0,1.7,1.7,1.7,0.0,0.0,0.0,0.0,0.0,0.0,1.0,One_Sh0t_boy
Mk12,60,0.033,0.0,233.31,229.33,237.29,0.0,0.0,1.0,1.0,0.0,0.0,0.0,03_Momosii
Beryl M762,29,0.034,0.0,39.0,39.0,39.0,0.0,0.0,0.0,0.0,0.0,1.0,0.0,nihao113366
M24,2,0.5,0.0,295.95,295.95,295.95,0.0,0.0,0.0,0.0,1.0,0.0,0.0,CYdibaba
M416,45,0.067,0.5,7.72,7.25,8.46,0.0,0.0,5.0,0.0,1.0,0.0,0.0,TaoHauTayTo
Mk12,63,0.048,0.0,160.89,27.16,227.91,2.0,0.0,1.0,0.0,0.0,0.0,0.0,TaoHauTayTo
Beryl M762,44,0.068,0.7272727272727273,11.844545454545454,7.32,32.05,6.0,0.0,3.0,0.0,0.0,2.0,0.0,Ho-TiaX
Thompson,11,0.364,0.0,2.6225,2.15,3.12,0.0,0.0,2.0,1.0,0.0,1.0,0.0,Ho-TiaX
AKM,8,0.125,0.5,28.259999999999998,28.25,28.27,0.0,0.0,2.0,0.0,0.0,0.0,0.0,VIE_ANHTHU
Frag Grenade,1,1.0,0.0,13.4,13.4,13.4,0.0,0.0,0.0,0.0,0.0,0.0,1.0,VIE_ANHTHU
Kar98k,12,0.25,0.0,255.17666666666665,237.29,289.43,0.0,0.0,2.0,0.0,0.0,1.0,0.0,wfkmdg
QBZ95,24,0.042,0.875,7.70625,4.01,23.07,0.0,0.0,3.0,2.0,1.0,2.0,0.0,MaytSarafhl
Mk12,14,0.214,0.0,431.90333333333336,427.27,436.8,0.0,0.0,1.0,1.0,0.0,1.0,0.0,Garfield-Liu
Frag Grenade,3,0.333,0.0,75.29,75.29,75.29,0.0,0.0,0.0,0.0,0.0,0.0,1.0,Swu88888
M249,113,0.027,0.0,9.786666666666667,9.46,10.09,0.0,0.0,2.0,0.0,0.0,1.0,0.0,Swu88888
Mk12,45,0.044,0.0,208.92000000000002,109.67,308.17,0.0,0.0,1.0,0.0,0.0,1.0,0.0,Swu88888
QBU,6,0.333,0.0,73.185,72.82,73.55,0.0,0.0,1.0,0.0,0.0,1.0,0.0,Swu88888
AUG,142,0.056,0.0,66.00625,30.51,136.98,0.0,0.0,4.0,2.0,0.0,2.0,0.0,invincibel-X
Kar98k,30,0.333,0.0,194.463,51.75,298.58,3.0,0.0,6.0,0.0,1.0,0.0,0.0,invincibel-X
Mini14,143,0.07,0.16666666666666666,236.02583333333334,140.65,511.44,0.0,0.0,5.0,1.0,1.0,5.0,0.0,bestman1617
ACE32,65,0.031,0.5,20.4425,4.37,36.57,0.0,0.0,2.0,1.0,1.0,0.0,0.0,OngTien_No1
M24,4,0.25,0.0,66.56,66.56,66.56,1.0,0.0,0.0,0.0,0.0,0.0,0.0,Zke3XmeegA
MP5K,192,0.083,0.4838709677419355,25.701290322580647,8.73,187.33,2.0,0.0,24.0,2.0,2.0,1.0,0.0,Zke3XmeegA
M416,293,0.038,0.42105263157894735,33.00473684210527,15.98,57.23,6.0,0.0,6.0,1.0,3.0,3.0,0.0,Laoderbutan
Mk12,24,0.083,0.6,83.008,38.01,152.73,1.0,0.0,2.0,1.0,0.0,1.0,0.0,Laoderbutan
Beryl M762,72,0.028,0.7142857142857143,28.232857142857142,16.06,33.77,0.0,0.0,3.0,3.0,0.0,1.0,0.0,huya-zhuqi
M24,20,0.2,0.0,293.0,291.97,294.24,0.0,0.0,3.0,1.0,0.0,0.0,0.0,Man-naonao
M416,46,0.087,0.0,15.7425,13.23,18.43,2.0,0.0,2.0,0.0,0.0,0.0,0.0,1Perry1
Mk12,7,0.429,0.0,90.70333333333333,89.73,91.8,0.0,0.0,2.0,0.0,1.0,0.0,0.0,1Perry1
Thompson,47,0.234,0.0,10.146363636363636,1.97,18.13,2.0,0.0,8.0,0.0,1.0,0.0,0.0,Victor-182
ACE32,125,0.176,0.3888888888888889,32.52777777777778,3.01,68.3,1.0,0.0,13.0,11.0,4.0,7.0,0.0,HUAHUA-AK66
Frag Grenade,2,0.0,1.0,42.81,42.81,42.81,0.0,0.0,0.0,0.0,0.0,0.0,1.0,HUAHUA-AK66
SKS,26,0.0,1.0,426.61,426.61,426.61,0.0,0.0,1.0,0.0,0.0,0.0,0.0,zxd-love-txy
Beryl M762,105,0.029,0.25,51.052499999999995,49.87,52.71,0.0,0.0,1.0,1.0,0.0,2.0,0.0,ducmilo
Beryl M762,75,0.04,0.0,105.60333333333334,92.42,125.28,0.0,0.0,2.0,0.0,0.0,1.0,0.0,iFTY_HuaHai
M24,41,0.39,0.0,203.465625,96.18,310.33,1.0,0.0,13.0,0.0,2.0,0.0,0.0,iFTY_HuaHai
Micro UZI,54,0.556,0.0,2.8049999999999997,2.37,3.07,2.0,0.0,10.0,11.0,0.0,7.0,0.0,AAAFDM
UMP45,9,0.333,0.0,2.5933333333333333,2.37,2.82,1.0,0.0,2.0,0.0,0.0,0.0,0.0,AAAFDM
MP5K,73,0.137,0.6428571428571429,7.945714285714286,2.96,23.02,3.0,0.0,17.0,5.0,1.0,2.0,0.0,Lolita-1995
QBZ95,30,0.067,0.5,12.1525,4.09,15.15,1.0,0.0,3.0,0.0,0.0,0.0,0.0,ZinHuang
MP5K,31,0.032,0.8571428571428571,26.712857142857143,25.31,33.64,1.0,0.0,3.0,0.0,2.0,1.0,0.0,F110119120-
QBZ95,18,0.056,0.9090909090909091,2.6245454545454545,1.88,4.93,0.0,0.0,6.0,0.0,3.0,2.0,0.0,F110119120-
MP5K,10,0.1,0.0,7.27,7.27,7.27,0.0,0.0,0.0,0.0,1.0,0.0,0.0,FUYUMI1222
AUG,47,0.085,0.0,31.015,10.07,38.13,2.0,0.0,2.0,0.0,0.0,0.0,0.0,FeLLaZ7-
MP5K,36,0.0,1.0,14.57,14.57,14.57,1.0,0.0,0.0,3.0,0.0,2.0,0.0,AnhSauThienNhan
M24,33,0.455,0.11764705882352941,192.1835294117647,90.35,273.16,1.0,0.0,10.0,2.0,4.0,0.0,0.0,Lemon_Jhin
M249,372,0.011,0.42857142857142855,26.594285714285714,9.81,50.86,0.0,0.0,5.0,0.0,0.0,2.0,0.0,Lemon_Jhin
Kar98k,20,0.05,0.5,224.875,153.05,296.7,0.0,0.0,2.0,0.0,0.0,0.0,0.0,linzhenbin66
Frag Grenade,3,0.333,0.0,35.36,35.36,35.36,0.0,0.0,0.0,0.0,0.0,0.0,1.0,WRJD-17
Kar98k,29,0.345,0.2857142857142857,109.33714285714287,54.22,202.73,4.0,0.0,8.0,1.0,0.0,1.0,0.0,WRJD-17
Micro UZI,42,0.095,0.7142857142857143,14.103571428571428,12.39,15.29,4.0,0.0,8.0,0.0,2.0,0.0,0.0,WRJD-17
ACE32,81,0.062,0.375,34.32125,34.32,34.33,0.0,0.0,5.0,1.0,0.0,2.0,0.0,pabugdeshen
AWM,4,0.25,0.0,256.87,256.87,256.87,0.0,0.0,1.0,0.0,0.0,0.0,0.0,pabugdeshen
Mk12,7,0.143,0.0,161.4,161.4,161.4,0.0,0.0,1.0,0.0,0.0,0.0,0.0,MaiThucLoan
AUG,31,0.226,0.125,10.54875,8.79,12.3,0.0,0.0,2.0,0.0,0.0,6.0,0.0,SoiTrongnui
AKM,15,0.0,1.0,12.075999999999999,11.93,12.37,0.0,0.0,2.0,3.0,0.0,0.0,0.0,Woodymomo
QBZ95,15,0.133,0.0,22.244999999999997,15.29,29.2,1.0,0.0,0.0,0.0,0.0,1.0,0.0,SJYYSJ11
ACE32,50,0.1,0.4444444444444444,16.22,11.35,17.53,0.0,0.0,7.0,1.0,1.0,0.0,0.0,zljl_0918
Beryl M762,202,0.089,0.28,22.7592,0.72,84.55,2.0,0.0,12.0,2.0,5.0,4.0,0.0,SQian_-
Mk12,76,0.066,0.5454545454545454,78.07818181818182,3.71,203.74,1.0,0.0,7.0,0.0,0.0,3.0,0.0,SQian_-
QBZ95,31,0.226,0.0,40.47571428571428,8.71,54.8,0.0,0.0,3.0,2.0,0.0,2.0,0.0,SQian_-
AKM,23,0.043,0.0,22.43,22.43,22.43,0.0,0.0,1.0,0.0,0.0,0.0,0.0,Y-lin87
M416,25,0.08,0.0,59.620000000000005,59.57,59.67,1.0,0.0,1.0,0.0,0.0,0.0,0.0,Y-lin87
QBZ95,18,0.111,0.0,10.254999999999999,10.23,10.28,0.0,0.0,1.0,0.0,1.0,0.0,0.0,hoangduc198
M416,42,0.048,0.7142857142857143,28.094285714285714,4.71,38.38,0.0,0.0,3.0,1.0,2.0,1.0,0.0,shield78563
AUG,15,0.333,0.16666666666666666,12.93,8.89,15.19,0.0,0.0,3.0,1.0,0.0,2.0,0.0,Cute_Nl
Beryl M762,61,0.098,0.25,25.3475,14.07,61.61,0.0,0.0,5.0,1.0,1.0,1.0,0.0,Cute_Nl
MP5K,54,0.093,0.5454545454545454,6.438181818181818,1.66,10.84,2.0,0.0,8.0,1.0,0.0,0.0,0.0,Cute_Nl
QBU,46,0.261,0.29411764705882354,76.8529411764706,70.57,91.8,1.0,0.0,9.0,4.0,2.0,1.0,0.0,Cute_Nl
ACE32,120,0.033,0.3333333333333333,63.18666666666667,39.63,81.11,3.0,0.0,1.0,1.0,0.0,1.0,0.0,langwei-_-
AKM,23,0.087,0.7142857142857143,8.870000000000001,6.6,12.49,1.0,0.0,4.0,1.0,1.0,0.0,0.0,langwei-_-
Frag Grenade,4,0.0,1.0,12.65,12.65,12.65,0.0,0.0,0.0,0.0,0.0,0.0,1.0,iy_81
M249,149,0.04,0.0,53.03666666666667,1.3,148.37,0.0,0.0,3.0,1.0,0.0,2.0,0.0,iy_81
SKS,32,0.25,0.0,145.10875,142.05,150.33,3.0,0.0,3.0,0.0,0.0,2.0,0.0,iy_81
AUG,137,0.044,0.45454545454545453,19.584545454545456,5.61,41.93,1.0,0.0,4.0,3.0,2.0,1.0,0.0,91SZM-DaMengNan
M24,3,0.333,0.0,35.49,35.49,35.49,0.0,0.0,1.0,0.0,0.0,0.0,0.0,91SZM-DaMengNan
M416,47,0.043,0.0,31.62,23.46,39.78,1.0,0.0,1.0,0.0,0.0,0.0,0.0,91SZM-DaMengNan
Frag Grenade,7,0.143,0.0,0.0,0.0,0.0,0.0,0.0,0.0,0.0,0.0,0.0,1.0,Lemon_Ayw
M24,24,0.167,0.2,139.668,63.46,189.56,1.0,0.0,3.0,1.0,0.0,0.0,0.0,Lemon_Ayw
MP5K,266,0.023,0.14285714285714285,44.98285714285714,30.64,84.38,1.0,0.0,2.0,0.0,3.0,1.0,0.0,Lemon_Ayw
AUG,140,0.021,0.7,12.876,9.45,33.36,1.0,0.0,3.0,3.0,0.0,3.0,0.0,MinXu8
QBU,5,0.4,0.0,74.82,74.82,74.82,0.0,0.0,2.0,0.0,0.0,0.0,0.0,MinXu8
Frag Grenade,1,1.0,0.0,18.7,18.7,18.7,0.0,0.0,0.0,0.0,0.0,0.0,1.0,KanMoa
P90,50,0.04,0.0,11.175,11.02,11.33,0.0,0.0,1.0,1.0,0.0,0.0,0.0,KanMoa
AUG,99,0.141,0.3,11.5915,0.93,45.58,2.0,0.0,4.0,6.0,2.0,6.0,0.0,Lotues_
Mk12,55,0.127,0.46153846153846156,87.0469230769231,4.13,308.42,8.0,0.0,5.0,0.0,0.0,0.0,0.0,Lotues_
M16A4,4,0.0,1.0,44.300000000000004,44.24,44.36,3.0,0.0,0.0,0.0,0.0,0.0,0.0,PanDa02743
M416,51,0.039,0.8571428571428571,7.834285714285714,2.79,15.01,5.0,0.0,5.0,3.0,1.0,0.0,0.0,PanDa02743
Mk12,137,0.219,0.23076923076923078,153.03410256410257,9.69,315.16,15.0,0.0,20.0,3.0,1.0,0.0,0.0,PanDa02743
Mk47 Mutant,6,0.167,0.0,25.29,25.29,25.29,1.0,0.0,0.0,0.0,0.0,0.0,0.0,PanDa02743
Frag Grenade,1,1.0,0.0,9.28,9.28,9.28,0.0,0.0,0.0,0.0,0.0,0.0,1.0,iFTY_HuaHai
M416,152,0.191,0.5245901639344263,66.22770491803279,1.78,260.22,2.0,0.0,47.0,4.0,2.0,6.0,0.0,iFTY_HuaHai
Mk12,74,0.189,0.2631578947368421,111.84631578947368,23.6,206.72,3.0,0.0,15.0,1.0,0.0,0.0,0.0,iFTY_HuaHai
Kar98k,7,0.571,0.0,164.4375,103.91,298.08,1.0,0.0,1.0,1.0,1.0,0.0,0.0,DZ_onlyL
M416,143,0.063,0.47058823529411764,17.52529411764706,3.78,73.24,8.0,0.0,8.0,1.0,0.0,0.0,0.0,DZ_onlyL
Kar98k,16,0.25,0.2,159.85,71.69,228.74,2.0,0.0,3.0,0.0,0.0,0.0,0.0,5AM15187
MP5K,19,0.158,0.8421052631578947,9.417368421052632,6.98,12.31,15.0,0.0,4.0,0.0,0.0,0.0,0.0,5AM15187
AKM,131,0.061,0.4666666666666667,53.65,21.36,76.44,15.0,0.0,0.0,0.0,0.0,0.0,0.0,Theworldf4
SKS,103,0.097,0.47368421052631576,183.36105263157896,69.85,207.66,19.0,0.0,0.0,0.0,0.0,0.0,0.0,Theworldf4
Beryl M762,22,0.045,0.0,42.13,42.13,42.13,1.0,0.0,0.0,0.0,0.0,0.0,0.0,nattyyi
Frag Grenade,1,1.0,0.0,16.36,16.36,16.36,0.0,0.0,0.0,0.0,0.0,0.0,1.0,nattyyi
UMP45,38,0.132,0.0,11.132,10.86,12.16,0.0,0.0,5.0,0.0,0.0,0.0,0.0,BWN_ZITAI
AUG,122,0.09,0.3125,21.296875,3.59,97.1,1.0,0.0,9.0,2.0,2.0,2.0,0.0,Mohan1006
Frag Grenade,1,1.0,0.0,58.7,58.7,58.7,0.0,0.0,0.0,0.0,0.0,0.0,1.0,Mohan1006
Mini14,20,0.25,0.0,139.96999999999997,86.82,183.07,1.0,0.0,2.0,0.0,2.0,0.0,0.0,Mohan1006
AKM,36,0.056,0.0,29.46,5.64,53.28,1.0,0.0,0.0,0.0,0.0,1.0,0.0,Yang_laosan00
Beryl M762,22,0.364,0.38461538461538464,19.225384615384616,15.3,28.1,0.0,0.0,12.0,1.0,0.0,0.0,0.0,Yang_laosan00
M16A4,21,0.048,0.0,15.23,15.23,15.23,0.0,0.0,0.0,0.0,0.0,1.0,0.0,Yang_laosan00
M24,15,0.133,0.0,208.5,109.28,307.72,2.0,0.0,0.0,0.0,0.0,0.0,0.0,Yang_laosan00
M416,54,0.148,0.1111111111111111,30.68777777777778,8.09,69.28,1.0,0.0,6.0,0.0,1.0,1.0,0.0,Yang_laosan00
MP5K,20,0.15,0.625,10.98375,10.98,10.99,0.0,0.0,8.0,0.0,0.0,0.0,0.0,Yang_laosan00
Beryl M762,60,0.033,0.7142857142857143,6.63,3.87,9.87,0.0,0.0,4.0,1.0,1.0,1.0,0.0,cnmlgb_o
Kar98k,2,0.5,0.0,95.1,95.1,95.1,0.0,0.0,0.0,0.0,1.0,0.0,0.0,cnmlgb_o
M24,5,0.2,0.5,127.93,78.15,177.71,0.0,0.0,1.0,1.0,0.0,0.0,0.0,cnmlgb_o
M416,47,0.128,0.5384615384615384,33.26615384615384,10.76,51.93,4.0,0.0,7.0,0.0,2.0,0.0,0.0,cnmlgb_o
AUG,23,0.043,0.8333333333333334,5.3500000000000005,3.21,15.3,0.0,0.0,1.0,5.0,0.0,0.0,0.0,tUcjn4NDvPw7y
Kar98k,3,0.333,0.5,28.195,26.31,30.08,0.0,0.0,1.0,1.0,0.0,0.0,0.0,tUcjn4NDvPw7y
Beryl M762,96,0.042,0.8095238095238095,8.1,4.32,17.17,2.0,0.0,14.0,2.0,1.0,2.0,0.0,0907_Jiu
M24,4,0.5,0.0,149.76,58.66,240.86,0.0,0.0,2.0,0.0,0.0,0.0,0.0,0907_Jiu
M416,10,0.0,1.0,1.4075,1.38,1.45,0.0,0.0,3.0,1.0,0.0,0.0,0.0,0907_Jiu
Beryl M762,15,0.067,0.0,67.95,67.95,67.95,0.0,0.0,0.0,0.0,1.0,0.0,0.0,RedaMancyAng
Frag Grenade,1,1.0,0.0,63.89,63.89,63.89,0.0,0.0,0.0,0.0,0.0,0.0,1.0,RedaMancyAng
Beryl M762,56,0.054,0.8125,12.3975,1.46,63.43,0.0,0.0,12.0,3.0,0.0,1.0,0.0,FEI--ge-ge
Frag Grenade,3,0.667,0.3333333333333333,22.25333333333333,14.01,37.47,0.0,0.0,0.0,0.0,0.0,0.0,3.0,FEI--ge-ge
M416,10,0.4,0.0,59.64,59.64,59.64,0.0,0.0,4.0,0.0,0.0,0.0,0.0,lueker-
M24,4,0.25,0.0,309.51,309.51,309.51,0.0,0.0,0.0,0.0,0.0,1.0,0.0,juju213
Mk47 Mutant,93,0.108,0.5238095238095238,16.874761904761904,1.82,26.36,4.0,0.0,11.0,2.0,1.0,3.0,0.0,juju213
Beryl M762,10,0.3,0.625,9.15375,9.15,9.16,1.0,0.0,6.0,0.0,1.0,0.0,0.0,hubaba124
Kar98k,8,0.125,0.0,304.1,304.1,304.1,0.0,0.0,1.0,0.0,0.0,0.0,0.0,hubaba124
Beryl M762,59,0.068,0.6,37.248,27.47,71.77,1.0,0.0,6.0,1.0,2.0,0.0,0.0,MC_Killer6789
Mini14,6,0.0,1.0,220.36,218.91,221.81,0.0,0.0,1.0,0.0,1.0,0.0,0.0,MC_Killer6789
Frag Grenade,1,0.0,1.0,22.7,22.7,22.7,0.0,0.0,0.0,0.0,0.0,0.0,1.0,NinghaiEthan
UMP45,26,0.077,0.0,22.66,22.62,22.7,0.0,0.0,2.0,0.0,0.0,0.0,0.0,NinghaiEthan
M416,237,0.021,0.16666666666666666,7.673333333333333,0.81,41.56,0.0,0.0,4.0,0.0,2.0,0.0,0.0,Chen2003BOW
Beryl M762,30,0.033,0.0,27.13,27.13,27.13,1.0,0.0,0.0,0.0,0.0,0.0,0.0,oldspricymeat
Beryl M762,72,0.028,0.8666666666666667,15.222000000000001,2.86,30.11,1.0,0.0,11.0,0.0,1.0,2.0,0.0,iFTY_HuaHai
Frag Grenade,2,0.5,0.0,14.6,14.6,14.6,0.0,0.0,0.0,0.0,0.0,0.0,1.0,iFTY_HuaHai
M249,31,0.0,1.0,8.545454545454545,3.8,11.16,2.0,0.0,9.0,0.0,0.0,0.0,0.0,iFTY_HuaHai
AUG,17,0.176,0.0,13.996666666666668,12.14,16.41,0.0,0.0,3.0,0.0,0.0,0.0,0.0,4090Ti------
QBU,10,0.1,0.0,131.93,131.93,131.93,0.0,0.0,1.0,0.0,0.0,0.0,0.0,4090Ti------
AUG,24,0.042,0.0,52.61,52.61,52.61,0.0,0.0,1.0,0.0,0.0,0.0,0.0,KH-TungTuTe
Mini14,19,0.053,0.8,218.858,217.55,220.13,0.0,0.0,2.0,1.0,2.0,0.0,0.0,KH-TungTuTe
AKM,22,0.091,0.0,7.875,7.36,8.39,0.0,0.0,2.0,0.0,0.0,0.0,0.0,China-wWGG
MP5K,53,0.038,0.0,8.62,8.62,8.62,0.0,0.0,2.0,0.0,0.0,0.0,0.0,China-wWGG
Beryl M762,79,0.127,0.2857142857142857,30.120714285714286,6.48,54.01,2.0,0.0,11.0,0.0,1.0,0.0,0.0,KerrjJimmy
SKS,2,0.0,1.0,47.735,47.51,47.96,2.0,0.0,0.0,0.0,0.0,0.0,0.0,KerrjJimmy
Beryl M762,99,0.141,0.5483870967741935,10.198064516129032,2.2,30.27,8.0,0.0,17.0,3.0,1.0,2.0,0.0,moochz8yyp
Frag Grenade,3,0.333,0.5,10.225000000000001,6.65,13.8,0.0,0.0,0.0,0.0,0.0,0.0,2.0,moochz8yyp
Kar98k,3,0.333,0.0,310.78,310.78,310.78,1.0,0.0,0.0,0.0,0.0,0.0,0.0,moochz8yyp
ACE32,28,0.036,0.0,57.53,57.53,57.53,0.0,0.0,1.0,0.0,0.0,0.0,0.0,bingya3
Micro UZI,25,0.12,0.0,4.803333333333334,4.45,5.3,2.0,0.0,0.0,0.0,1.0,0.0,0.0,bingya3
AKM,7,0.286,0.0,6.29,6.29,6.29,0.0,0.0,1.0,0.0,0.0,1.0,0.0,Yy5659_Chuyi
AUG,96,0.031,0.7857142857142857,8.825,1.72,20.54,1.0,0.0,10.0,0.0,2.0,1.0,0.0,Yy5659_Chuyi
M24,4,0.25,0.0,98.45,98.45,98.45,1.0,0.0,0.0,0.0,0.0,0.0,0.0,Yy5659_Chuyi
Mini14,48,0.062,0.0,146.19666666666666,133.57,152.51,2.0,0.0,0.0,0.0,1.0,0.0,0.0,Yy5659_Chuyi
AUG,16,0.125,0.0,25.15,25.15,25.15,0.0,0.0,1.0,0.0,1.0,0.0,0.0,Dccz_5
AUG,47,0.106,0.5454545454545454,3.7154545454545453,2.84,5.67,0.0,0.0,10.0,0.0,1.0,0.0,0.0,BigTU-TH
QBU,10,0.1,0.0,80.88,80.88,80.88,0.0,0.0,1.0,0.0,0.0,0.0,0.0,xxxiby4r
AKM,10,0.2,0.5,42.0625,41.23,44.29,1.0,0.0,3.0,0.0,0.0,0.0,0.0,MaDouTV_SaoSao
Frag Grenade,2,0.5,0.5,58.325,57.93,58.72,0.0,0.0,0.0,0.0,0.0,0.0,2.0,MaDouTV_SaoSao
Molotov Cocktail,1,0.0,1.0,9.65,9.65,9.65,0.0,0.0,0.0,0.0,0.0,0.0,1.0,MaDouTV_SaoSao
ACE32,15,0.2,0.4,6.434,6.29,6.67,1.0,0.0,2.0,0.0,0.0,2.0,0.0,9981i
Frag Grenade,2,1.0,0.0,7.735,0.0,15.47,0.0,0.0,0.0,0.0,0.0,0.0,2.0,9981i
ACE32,72,0.111,0.7419354838709677,8.016451612903225,2.07,13.58,4.0,0.0,9.0,13.0,3.0,2.0,0.0,og7armanle4der
AKM,15,0.133,0.7777777777777778,6.323333333333334,3.85,8.93,0.0,0.0,1.0,5.0,1.0,2.0,0.0,og7armanle4der
Beryl M762,20,0.1,0.0,22.465,22.46,22.47,1.0,0.0,1.0,0.0,0.0,0.0,0.0,og7armanle4der
M24,18,0.278,0.375,61.06125,16.77,189.22,4.0,0.0,4.0,0.0,0.0,0.0,0.0,og7armanle4der
Beryl M762,100,0.17,0.15,8.3335,2.03,16.75,2.0,0.0,12.0,2.0,3.0,1.0,0.0,babeo-_
Groza,59,0.119,0.0,7.267142857142858,3.58,10.98,1.0,0.0,4.0,0.0,1.0,1.0,0.0,babeo-_
M24,9,0.444,0.2,213.71599999999998,155.19,251.94,1.0,0.0,4.0,0.0,0.0,0.0,0.0,babeo-_
Beryl M762,40,0.3,0.3333333333333333,61.400000000000006,5.31,180.75,6.0,0.0,5.0,0.0,3.0,4.0,0.0,JL29-_
M249,50,0.12,0.7391304347826086,16.577826086956524,3.23,55.84,0.0,0.0,9.0,6.0,4.0,4.0,0.0,JL29-_
AKM,87,0.149,0.5,15.508846153846154,6.23,50.03,3.0,0.0,15.0,6.0,1.0,1.0,0.0,MNVN-AnhNongDan
M24,5,0.4,0.0,124.41,80.59,168.23,0.0,0.0,2.0,0.0,0.0,0.0,0.0,MNVN-AnhNongDan
SKS,57,0.246,0.631578947368421,48.034473684210525,5.66,113.19,3.0,0.0,26.0,5.0,2.0,2.0,0.0,MNVN-AnhNongDan
SKS,8,0.375,0.0,32.83,32.83,32.83,0.0,0.0,2.0,1.0,0.0,0.0,0.0,Xing-Chen0808
Vector,28,0.107,0.625,10.20375,1.97,15.43,1.0,0.0,7.0,0.0,0.0,0.0,0.0,Xing-Chen0808
M416,74,0.041,0.7857142857142857,11.994285714285715,7.99,26.41,1.0,0.0,11.0,2.0,0.0,0.0,0.0,iFTY_HuaHai
Mk12,80,0.15,0.0,148.9725,122.87,178.05,3.0,0.0,5.0,1.0,0.0,3.0,0.0,iFTY_HuaHai
Vector,171,0.152,0.6231884057971014,14.301449275362318,1.89,39.66,5.0,0.0,31.0,14.0,12.0,7.0,0.0,iFTY_HuaHai
M24,8,0.125,0.0,410.51,410.51,410.51,0.0,0.0,1.0,0.0,0.0,0.0,0.0,CeShiZhangHao-11
MP5K,38,0.079,0.8,3.7046666666666668,1.02,6.24,1.0,0.0,10.0,3.0,0.0,1.0,0.0,CeShiZhangHao-11
