user_name,user_zloa_score,user_damage
간즈,3319.65,42.96
흑인파워,3285.46,34.21
무중력,3279.06,36.1
적뿡,3108.52,40.31
나르미초롱이,3084.76,39.71
병만,2907.29,39.35
NewAZ,2900.04,34.17
두븅,2611.84,31.44
비에이치씨레드킹,2730.08,30.9
살크업,2928.07,37.02
호미닛,2695.97,36.14
똥독잉,2811.78,35.77
왕자,2911.38,37.61
마초남의출사표,2632.35,35.97
디트오빵,2548.43,34.03
노인의마지막퍼펙트헛스윙,2824.04,34.74
민석망치,2601.14,28.68
김디붕,2074.89,22.26
흑망치돈까스,2441.6,34.22
wREXX,2790.9,36.91
마라탕매우순한맛,2522.55,27.95
올라프,2993.52,36.13
신선한망치,2914.24,33.8
민섭이의피바다,2745.5,39.06
헣헣헣,2507.6,35.06
RockHoward,2505.97,32.69
차밍재혁,2824.66,33.25
킹릅,2479.4,11.02
섹시망치맨,2697.08,27.57
츄츄캉,2589.03,29.6
분위기망치는김망치,2608.87,35.11
aoaos3,2651.87,28.93
재떡망치,2933.45,35.11
능이,2827.53,30.62
예배,2484.39,31.31
미스터오함마,2593.59,8.94
와일드센스,2637.49,35.35
Submarine,2668.24,29.49
딴따라전,2595.21,35.23
레이널드,2443.71,7.0
야와야,2418.82,31.74
망치,2617.05,1.76
디붕의왕,2623.7,30.05
훔밈,2597.44,32.03
순정마초두개골,2656.22,34.08
디붕형,2539.81,3.01
고난,2362.07,33.23
황금나무망치,2893.41,37.22
경이로운뚱보,2807.05,37.41
성남매콤망치,2937.01,38.18
우울한당근,2684.67,3.6
예하온,2497.74,34.46
누삼,2499.28,28.27
레온형,2433.52,32.76
아브라함,2233.94,29.42
오함마냥,2663.26,5.03
주니어와플,2476.75,5.46
치명적인유히,2725.97,30.69
돌돌이,2586.6,34.88
냉탕에죠스,2312.71,27.47
슈라라,2500.51,34.25
엘듀붕,2429.66,33.29
스와니깡,2366.33,32.85
닉넴이젤귀찮아,2379.1,30.74
김빵밀,2386.57,30.09
퍼스펑,2347.64,31.59
쏭기7,2573.12,34.46
맛있는망치GT,2455.96,26.7
스맨신,2223.31,30.24
킴필두,2862.9,31.43
공필악,2334.91,32.65
꼬마시,2286.91,31.49
김디환,2794.13,34.67
니랩의잠이오냐,2598.03,28.37
래퍼짱구,2194.84,30.52
가뜨수,2331.1,31.79
디스트똥코코,2321.64,33.23
진욱킴,2654.1,37.2
김페이지,2769.15,35.67
루테란망치,2410.93,34.05
호요리,2471.17,34.02
PYGAMJA,2393.65,33.31
v사이버돌쇠v,2996.4,34.92
토디,2316.65,32.09
벅벅긁적긁적,2560.4,29.22
든붕,2719.1,35.88
소락,2593.0,13.22
머리한번만요,2432.62,26.16
우스킹,2337.01,24.92
보학,2354.92,27.87
핵G강,2607.28,29.15
500won,2277.95,2.25
코로나망치,2318.39,31.6
섬마디트,2788.33,19.08
은평구뚱땡이,2446.46,27.93
별빛디붕,2585.77,26.66
비씨디붕,2541.19,33.25
씨빵,2364.44,30.33
일격에주님,2176.31,29.09
디붕이는울지않을거야,2564.29,33.87
취목,2491.43,31.78
윤맹취,2551.6,32.68
불만이냐,2436.44,30.28
리멤브란서가그린불칸,2386.59,31.76
용용죽겠딩,2282.52,31.72
미트푸셔,2174.41,24.47
악접,2430.87,27.42
너무귀여운디스트로이어,2580.47,30.37
설시안,2268.39,31.54
라이게키,2431.47,32.55
청하나,2412.74,6.65
앙포커띠,2330.28,29.4
유독성,2367.21,27.58
모험가김루빅,2562.73,35.12
v쁘띠스윙v,2329.99,29.95
강결이,2423.1,34.03
웜마,2592.65,26.7
인왕산불곰,2452.34,24.79
효진세,2632.83,33.56
머머리는외계인,2441.85,29.89
적목,2370.84,31.52
30년원조망치돈까스명인,2538.42,31.23
순사미,2281.18,30.32
흑형알리,2558.54,32.6
망치잡이쿵쿵쿠쿠쿵,2940.86,32.17
01029261934,2389.74,32.76
한국오도해병,2086.95,27.26
대구꿀망치,2378.07,29.89
으뜸망티,2478.37,33.63
땡땡,2240.8,25.31
간다간다뿡망치,2547.35,29.72
중수광,2312.17,26.3
호두네엉아,2282.44,32.0
비상탈출쇼파,2309.94,32.57
돈가스장인남봉남,2212.27,2.66
짱난닭,2208.11,26.45
상어가상상,2366.34,3.47
조씨,2362.41,32.39
다봉이,2597.12,32.15
수보기다,2224.01,30.94
수제망치달인,2484.7,29.69
소녀디붕이,2280.15,30.2
망치가몹시무거움,2306.27,29.46
프로틴촹혀니,2414.69,32.37
한화우승각,2416.94,28.6
뽀뽀중수,2201.28,27.99
안경원숭이,2357.89,28.07
김숑,2442.49,25.81
쌀먹망치,2310.94,28.44
김해김,2401.07,32.52
똘만이,2468.04,29.29
VEGAPUNK,2435.33,32.97
디퐁디퐁,2482.8,30.02
작은양자,2362.29,32.45
해더,2325.77,32.54
이번엔딸수있다니깐요,2287.55,26.8
드브디트,2410.5,11.51
냄새,2518.45,33.28
망치부르셧나,2351.48,31.11
바가야로,2661.71,29.15
한번형,2470.29,30.79
망치대장퐁퐁이,2227.48,30.5
디트향뭍은겁장이,2345.16,27.29
디트맛만볼까,2338.59,32.71
수잔스트롱,2372.12,33.11
섹시마왕동호날두,2695.69,29.22
소고기카레치즈돈까스,2581.74,35.43
재원빠빠,2332.44,31.89
heostorn,2242.39,26.41
위험,2441.47,31.14
국군춘천병원,2341.89,27.8
교수님잠깐머리좀대보세요,2361.46,29.73
하트비트디트,2362.18,33.3
멍우리,2521.02,30.37
존나빠른디붕이,2467.31,33.85
태연A,2300.05,31.2
인스턴트콜라,2483.82,30.09
나완전정상이야,2571.2,16.38
백면랑,1786.36,17.03
해머곡예사,2145.19,27.74
휘짬,2576.09,27.52
도라지배생강차,2026.83,26.25
준또먹,2359.44,24.33
펭토,2358.61,29.26
모코코더블라떼,2432.81,30.37
ASSgard,2215.32,26.99
필립,2272.38,31.55
분노하는토끼,2411.04,31.8
김광진,2017.14,24.75
아크해머,2128.06,28.99
헤드퍼스,2290.16,30.18
시계,2277.2,28.49
디트히포,2288.17,29.86
운전기사오크,2418.33,28.19
대가리부수기,2645.03,35.32
바보쩡수,2356.49,27.28
Hxxt,2285.57,30.44
마딕트,2246.14,31.55
Ruy,2072.07,25.99
무려콴,2352.02,6.28
탕비실카누킬러,2210.38,21.42
호바망딱,2426.6,2.78
개성돈가스,2170.94,6.39
요둘뽀삐,2653.36,4.14
천방지축어리둥절디붕디붕,2356.87,31.72
줌섬,2471.98,34.25
상곤상,2614.04,34.24
뚜기,2357.07,29.26
뚝배기퍼스,2275.78,24.9
고로케빵이다,2325.25,31.11
대지뿌셔,2346.54,29.42
능티,2372.69,31.7
티투로이뚜,2344.9,32.65
복기,2333.47,32.16
동끄,2404.08,32.25
백천도,2277.9,27.5
프레션,2213.54,28.4
쿵깃,2168.85,28.02
전남남친있어요,2373.57,5.47
섹시쾌남김디붕,2504.78,32.14
깡보살,2079.94,26.12
자비스01호,2360.67,18.02
디붕이응앵,2443.11,32.65
비빔돈가스냉면,2264.09,29.15
류크,2301.16,26.53
너구리사랑11,1927.94,24.69
진한초콜릿피부,2193.78,31.36
하떼림,2106.1,28.83
디스트로트,2480.73,27.97
유톡입니다,2339.93,31.94
남자의캐릭터디트,2332.04,27.22
Mr투팍,2374.8,25.6
장도리망치,2503.1,33.66
댱근댱,2272.24,31.79
러브앤토르릉z,2448.88,32.84
동익손,2257.7,30.36
살색몽둥이,2232.86,25.2
가정용돌망치,2375.47,32.81
손감템자,2415.46,29.72
포모스,2311.67,24.68
아무도예상못한녹황색사회,2292.13,5.73
김충환,2298.96,31.9
순팡,2403.83,28.51
후평동돈까스달인,2129.37,17.4
프로의심러셜록,2171.13,26.23
약수터정수기,2301.96,29.04
망지승,2424.45,32.58
망치만한것,2119.07,24.52
빈둥빈둥비버,2387.74,31.11
호에엥,2234.1,30.42
바르가스트,2330.36,29.0
진압부장관,2340.21,32.44
백두산곰대장,2372.36,31.38
원할머니네치즈돈까스,2526.36,27.52
노가다판에이스박망치,2441.94,32.75
25도씨소나기,2305.19,32.04
은돼랑,2131.93,29.57
디구로,2257.92,30.28
신튼튼,2223.06,25.15
마님의돌쇠,2130.59,28.03
귀여운오리망치,2237.0,28.29
땅꾸니,2259.71,25.28
김초꼬,2063.04,23.27
이오시프스탈린3세,2361.96,31.81
중디맨,2226.08,26.42
아나머지,2082.77,27.17
응삼이,2003.82,28.1
디제블,2407.08,33.39
물망치,2166.27,28.84
수틀리면망치부터나감,2231.25,30.15
DITH,2152.14,27.65
도깨비빤스는더러워요,2122.8,30.07
디트새털,2182.9,23.36
안빼는망치,2318.04,31.84
망치가뭐죠,2229.29,26.79
미로씌,2291.26,31.19
현킴,2095.14,26.63
혁명좀,2180.12,2.31
충동적인망치질,2267.62,22.34
자운파,2229.72,8.03
극마탑,2128.56,28.21
안참참,2268.36,27.63
반짝디트,2148.31,28.99
검은나라보았니,2145.82,32.14
개강한부엉이,2006.46,27.93
샤겨,2273.37,20.63
식빵분쇄기,2220.31,28.51
호복,1999.28,27.22
망치돈,2308.03,30.48
법동뿅망치,2409.24,33.34
폭콤,2343.97,29.83
초승민,2279.69,31.27
결국망치를꺼내버린승현,1875.66,22.71
내손땐지오래됫다니까,2061.51,10.99
으꺤다,2207.28,24.55
밍갱스터,2175.31,19.39
김민뀨,2107.87,29.74
삐꺄쿵,2146.86,8.91
디뜨묵,2348.73,32.88
쮸바디붕,2011.41,25.39
Wartroyer,2091.05,26.99
안산산적,2094.96,27.48
광기의인생한방,2396.2,33.59
반숙이좋아요,2247.65,7.75
선없는충전기,2381.58,32.9
망치2트,2284.87,29.97
생강왕자,2162.47,29.8
망치글,2330.49,25.0
태풍18호,2229.83,29.61
2직1반,2448.95,29.27
2번디트,2318.66,26.8
3번디트,2304.45,11.97
OB라거,2192.49,30.23
양파맛망치절임,2142.23,27.55
얌얌우는양,2109.19,29.08
박현호,2292.28,30.48
금연중인사람,2094.17,26.96
줍디트,2077.63,28.54
망균치,2014.86,28.32
뚝딲,2053.72,24.53
영웅아서,2253.27,25.0
흑천붕,2237.34,26.4
simple5,1863.16,21.42
흥부재엽,2307.83,31.29
디트님이나가주세요,2415.39,31.0
뚜시뚜시큥큥,2087.3,28.64
가영냥이,2232.63,30.54
l홍삼l,2102.81,24.0
새뜻새마음,2337.73,32.06
땅콩고구마,2407.3,30.06
착해진뚝이,2356.62,31.06
군단장뚝배기슬레이어,2113.23,28.94
굵은손,2217.67,28.47
디트가미래다,2433.58,4.02
감거,2327.8,5.39
뿌낑,2416.09,32.04
븜중기,2103.56,2.17
디붕힁,2370.1,32.85
치킨요원,2172.54,28.27
잼민이들뚝배기를뚜쉬뚜쉬,2126.84,24.8
대황붕,2271.16,26.24
Croch,2225.08,30.51
머리에꿀발라놨네,2151.62,29.31
헿복,2273.69,32.4
기무재환,2160.12,30.03
디붕마초,2287.14,27.2
찌개,2338.4,31.6
퍼수,2158.55,27.74
공쨔,2123.18,29.63
숨겨진마음,1990.92,25.47
돈까스집17년차접시닦이,2285.29,18.0
트라제,2171.11,2.94
놀러나온드워프,2310.2,2.15
오소동오함마,2041.09,26.94
나랑슈퍼노바할래,2232.08,27.52
국산핵망치,1934.89,24.88
뜀빠,2193.79,25.75
가슴이시키는무지성망치맨,2389.07,26.97
네브라디스크,2107.37,22.11
리치포니아,2187.43,28.68
형근2망치,2317.48,32.55
민둥산해머,2237.21,30.97
디준붕,1958.65,22.37
무력전문망치,2213.99,14.64
수수수수퍼망치,2249.94,25.47
일났다,2293.12,28.87
양준식,2052.38,5.52
가난한루브,1931.25,6.21
판다뽕따,2307.27,26.59
뱁버드,2123.05,24.73
Zeby,2083.43,28.54
니프트,2096.18,22.72
뛰붕디붕,2040.92,26.63
Infirmus,1899.68,25.0
fourback,2428.81,29.34
아앙마려움,2352.19,29.95
빵동이,2297.76,15.48
파괴베어,2268.1,25.1
바키범,2520.99,28.74
세계제일용사,1758.24,31.14
다훈투르,2048.36,23.45
디트뿡빵맨,2129.51,26.07
퍼스맞췄냥,2209.02,4.96
디끙이,2161.75,28.59
문맹이,2076.67,26.26
당당따당,2147.56,26.25
남자다움,1945.04,27.05
개아야,1987.08,25.39
빵갬뽀,2437.53,32.61
역쟁,2084.31,29.07
금강디붕쿤,1901.43,25.85
러쉬킹,2479.26,34.29
불국사삼겹살킬러,2165.41,28.27
떼띠지민,2088.26,24.18
담선,2136.0,28.51
장작패기,1906.8,26.24
박흥식,2112.23,29.04
체리콕사이즈업,2137.68,29.55
퍼스D,2291.24,30.56
밀크티맛있어,2272.36,29.94
김엿츠,2334.06,30.77
햄머박홍규,2211.24,24.36
그랜치킨,2079.94,24.16
막두,2141.1,29.74
곰곰해,2148.47,28.98
망칭,2413.98,3.68
더원립톡,2067.06,23.24
모코코와고슴도치,2310.36,29.08
타르타르해머,2269.8,7.87
하얀맹치,2109.29,23.82
오늘도광대는모코코다,2133.14,24.18
지구함마,1982.06,27.33
신디붕,2280.84,30.6
킴허찌,2052.38,28.33
달달한주니,2415.65,32.58
망기덕,2241.88,26.4
정령미,1716.66,20.46
HAMSYS,2241.94,29.31
디히스,2456.37,32.58
헤비한친구,2042.11,24.7
두리안망치,2260.4,2.44
아나볼릭디트로이더,2311.43,29.13
HoneyHammer,2237.68,9.31
혁신핵망치,1896.37,22.45
강애붕,2374.63,30.42
베르온스,2205.31,25.55
백두루미,2317.46,17.12
째스기,2488.09,26.66
엄착토,2269.0,5.01
통수치기,2195.7,28.16
산이,2106.49,29.18
중국집단무지도둑해던,2255.97,31.23
양형v,2489.98,29.38
변태성,2205.39,3.04
언제가는,2195.64,30.13
망치헤으응,2202.94,30.15
니머리를망치로뚝딱,1935.83,27.25
망치에이스,2077.26,8.41
청소기,2285.09,29.12
쁘띠쁘띠김디붕,2256.34,28.57
1차기기냉각해수펌프,2047.55,26.61
크림우동그랑땡,2168.65,30.38
첨단인,1799.44,25.32
활화격,2449.94,30.31
닉값맨,2259.3,29.09
핫핑크슈가보이,2350.23,5.93
디수그리스도,2514.14,29.97
디트공주,1953.61,17.22
묵은지방어배꼽살,2301.73,25.29
빛이나는망치,2434.73,28.63
아디트는못참지,1910.14,26.18
짓밟아버리자,2292.1,24.9
기부전사,2265.78,27.94
라라크래프트,2250.29,11.14
아니내망치왜이래,2150.16,29.71
물탱망치,2274.51,4.44
대물디트,1843.77,22.11
사다치야,2134.98,28.03
킹찔구,2488.79,31.97
드라우프니르,2250.39,30.02
디스트로OI어,2090.06,28.28
대장디붕,2210.65,30.55
ISH,2061.72,27.51
호크보다디트,2080.54,27.19
디뚜,2052.31,27.76
또니망치,2079.1,24.97
하리보망치,2420.51,30.22
디트불망치,2268.36,30.78
Hellweapon,2349.77,30.17
85세김춘복의마지막여정,2180.42,4.07
뇌가손상된사람,2289.47,29.12
노가다,842.08,5.51
디붕이그렇게하는거아닌데,2184.54,29.1
디붕주의보,2360.77,5.18
잇킹,1933.48,25.88
오함마로대가리뽀사벌라,2064.19,25.8
연돈수석주방장,2255.32,26.21
삿댐,2524.97,31.81
쿵떡총이,2256.06,23.88
김호영규,2218.26,27.27
박천형,2085.69,25.29
든든푸들,2339.98,27.48
난는디트당,2145.07,27.33
다녜모,2215.86,27.75
망치뚜까뚜까,2050.28,2.46
그레이헤임,1996.97,26.33
원량한붕,1811.22,25.38
별빛보는현이,1984.02,26.09
비비빅인절미,2097.23,25.81
남자는돈까스좋아해,2329.15,25.33
신사적인중수,2153.44,29.22
망치손인욱,2013.66,25.04
꿀찔,2143.89,7.42
김밀리망치맨,1980.03,26.62
보글보글장인출신,2094.83,29.02
이거안무거워요,2216.26,26.9
스티브조져스,2185.79,9.47
망치망치노우,2284.11,3.11
후라이드혁명,2054.7,27.24
절디트로소개해주시겠어요,2144.1,27.38
디붕팔이,2185.38,29.77
모승o,2124.93,29.53
간짬뿅망치,2007.53,23.84
중급망치,2198.25,3.54
나쁜쥐,2102.89,27.54
무지성뚝배기장인,2122.17,26.99
슈티,2038.12,25.59
양둔기,2208.37,28.37
쫑호쿤,1834.15,22.0
불굴의선봉대장,2135.48,25.76
혁원디스트로이어,1924.37,26.04
조신한돌쇠,2261.48,29.03
핑크전도자,2050.92,28.04
박밍뀽,2010.55,4.83
차D에이스,2090.51,3.79
추자하,2676.07,27.86
넨네y,2148.81,25.07
842671395,2184.81,29.06
뚝딱뚝딱마공병,2205.46,27.62
hadh1534,2403.79,32.71
파괴혈황,2335.87,29.93
검은이빨내껀데,2142.19,2.14
잔혈딜러김디붕,2522.05,33.13
돈까츠망치,2457.9,33.86
빵지니이,2413.07,29.37
오리할콘,2171.0,30.59
망치맨ss,2141.87,27.69
천마표시멘트팝콘,2363.33,4.49
망치쌉장인,2387.23,33.15
쩜트,2332.72,27.43
꾸악꾸악꾸악꾸악꾸악꾸악,2191.78,29.88
니들이헤드를알아,1947.76,26.62
씨앗호떡한입,2043.85,24.71
강철의,1997.0,26.81
다네꼬,1930.23,13.22
Keratin,2139.53,1.4
민지학살자대재학,2218.68,25.99
PPEOU,2364.5,29.99
물리학과디스트로이어,2363.92,30.65
녹두로,2298.22,24.19
듬직한든든이,2238.72,28.13
니머니요,2092.59,28.46
T라미수,1934.98,24.9
디르에르,2115.45,28.34
포도망,2128.72,26.38
한글학습지,2140.13,25.16
방햇반,2259.79,29.05
열두글자채우기가힘이든다,1865.23,2.36
2차접종완료자,1816.32,25.18
수원곱창만두,2098.15,25.52
낌대표,2221.93,2.68
악질대장,2057.49,27.93
금형과타노스,1956.39,21.15
쾅쾅이,2042.49,28.68
참피용,1777.05,24.01
전체카드상자,2105.43,2.43
디붕이의길,2217.96,31.0
밤군드,2164.35,29.83
무뼈닭발막창먹고싶다,2127.64,8.1
빠박쥬르,2002.72,26.1
난체,2270.36,3.75
다크엠페럴제노사이드용수,2177.66,26.18
도랴에몽,2093.36,29.19
휴먼언더테이커,2025.0,28.21
슈샤이어귀여움담당,2128.3,3.15
한우다짐육,1996.55,22.48
정바가입니다,2044.78,27.51
페페,2092.32,29.21
디트잘함,2260.05,31.41
망치두두두,2153.63,29.44
망치카록,2197.94,27.59
간다간다디붕이,2064.85,26.48
3머550kg,2082.43,26.89
시몬쓰,2054.23,27.04
미오미오미,2411.63,17.14
새싹디뜨,2266.48,25.3
lalalabubu,1987.8,23.89
담선디트담디담디,2169.45,26.77
환상의겨울,1979.17,26.07
같이좀가줘,2105.73,25.96
깡패복이,2250.35,29.39
찬레키,2036.62,28.06
마크포,2207.7,28.68
숄더임,2176.94,23.57
저는개못합니다,2270.17,31.52
만촌동사나이,2281.03,3.41
앙큼한곰순이,1963.68,23.59
동동머니,2028.41,7.36
뻥디,2350.05,28.83
동네헬스장덤벨도둑,2217.31,27.93
시공의망자,2105.16,29.21
취한감자,1978.37,27.81
디붕모코콩,2237.6,25.45
두덜두덜이,2139.74,28.05
라따땃따,1704.6,20.56
헛스,2269.88,29.74
냉동멍게,2106.67,26.02
소년의망치,2026.92,24.01
힘찬디붕,2368.54,31.93
슥재,2120.73,29.88
쭈쉬,2023.93,26.99
특화디트라정말미안합니다,1894.81,22.06
쿵크루찍푹,2045.7,26.76
방계식,2176.33,24.17
이지금은동은금지은,2308.44,30.25
망친디,2156.63,26.79
홈도링,1940.82,27.27
애오사마,2019.14,23.1
망찍이,1994.2,25.61
냉동다짐육장인,2166.89,26.45
본캐디트1,1864.71,24.95
칸쵸멘,2084.08,24.89
처단도,2401.0,24.53
빅딕,2061.94,27.98
짜롱,2033.87,28.26
골뱅이국수,2176.35,29.23
오리없어도디트인가요,2174.57,28.2
SecSY,2007.58,24.24
KUMl,1971.49,24.42
디붕가고싶은데로간다,1989.02,26.29
도엄배,1952.78,24.79
오붕맨,2149.46,29.91
카류도,2088.6,25.79
그린터치사장,2043.73,26.52
뿅가버려잇,2077.83,26.88
봉디봉디봉,1983.46,25.4
바바리안주현,2128.24,1.88
퍼쓱해요,2384.63,30.08
김춘덕의돈까스망치,1935.59,2.58
결제왕뱅킹,2042.58,14.49
돈까스가루,2141.09,23.11
디스트로이여비,2298.64,31.86
낭만쾅쾅,2242.11,30.17
디스카리온,2392.24,32.29
디붕맨이쓰러지지않아,2388.52,30.95
3인분,1977.53,25.48
서리에요,2492.86,32.08
안녕하세요저는정균입니다,2218.75,13.32
망치휘두르는수달,1985.35,21.63
Risk,2201.29,28.43
임춘만,2115.28,2.71
김일벌,2108.69,26.13
게이k,2071.33,28.69
김세진,2181.65,27.08
짱쎈남자,1910.06,25.83
자l민,2276.07,30.0
쀼쉐,2305.25,29.75
사냐두,2211.89,30.9
다움빡,1936.84,27.05
순간망치로한대칠뻔했네,2098.55,28.62
오더발드,1949.33,23.54
쿵쿵찍찍,2025.87,26.96
딱딱아재,2079.24,25.02
계몽실,2314.03,30.68
복도,2059.43,25.06
꼬마망치타요,2182.64,26.49
하루는정말집가고싶다,1946.44,22.96
망치라온,2163.48,28.01
나봉몬,2362.11,31.49
옥자간다잇,2030.76,28.24
랑만돈까스,2116.07,24.37
홍콩서방,2107.29,27.33
몸짱,2091.12,24.14
수학귀신,2214.56,28.94
떡매장인,2005.01,28.18
이삭먹는아이,1887.63,26.06
무랴딘,2085.36,26.85
무결입니다,2083.41,25.66
미쓰릴,2074.59,29.57
경매장,2000.37,24.1
강딩딩,2383.08,32.65
그래비티트레이닝,2142.39,4.94
토익만점세종대왕,2144.07,22.84
봉봉단장,2205.2,26.15
모코코뿅망치,2034.32,15.5
디붕곤쥬,2202.77,30.37
가오철,1792.47,22.9
한방에영혼을담아,2203.89,30.51
분쇄형물리치료사,2017.06,24.23
디트용환,2103.29,27.25
Error만들기,2116.81,28.05
봄푸르,2192.79,25.94
오인쿠,2104.81,29.69
댈츠,2113.34,29.05
랄프7,2042.15,23.1
킴순대,1843.71,25.08
청검,2006.7,24.05
내망치는달다,2294.98,29.41
뚱보잉어,2046.61,3.15
도지닝,1991.7,24.43
디붕디붕디붕디디붕이,2078.5,27.01
디스도로이어,2126.73,29.52
참철식,2271.12,27.04
헬창어르신,2132.07,27.41
두더지잡기쿵쿵쿵,1796.93,5.31
화추,2232.02,28.12
큐티섹시찌엽,2143.67,24.91
조해찬들,2095.77,28.28
함마오지죠,1966.73,26.02
삼천동핵망치,2013.24,23.85
nacgi9,1964.41,24.75
이바이바용,1939.81,3.7
아랫도리빳빳,1945.17,24.96
바지바지반바지,1958.34,26.35
거봐라내그럴줄알았다,2251.02,29.85
순두부짬뽕,1983.54,27.14
돈까쓰맨,1764.21,24.52
망치로뚜쉬,2087.43,27.21
바우와우,2084.86,26.57
효트효트,2003.34,18.05
행만,2006.67,14.56
헤머글로빈,2014.68,24.74
망침,1984.32,25.35
기껀,2014.24,23.24
볼트마,1977.75,12.53
다른키엘,1895.13,23.81
0볼베0,2285.67,24.64
의문의김해청년,2040.71,24.47
닭발과주먹밥,2035.44,26.38
하클뒤,2037.55,28.63
폭주반달곰,2035.57,21.58
KingFace,1981.49,26.98
이프파이터,2031.78,22.17
시드가이아,1609.62,5.67
구기1,1760.3,19.83
디트님은왜다리가세개에요,2237.77,28.95
농협망치남,2129.59,27.47
혀깨물,2226.69,28.42
훈이아니다,2152.63,24.77
뿟쀼뿡,2213.8,25.27
원각형,2071.74,24.22
파괴왕이규원,2265.34,29.36
이태자,2138.41,29.57
디트상어,2183.36,28.31
머갈딱딱,2300.9,25.84
이태원돈까스윙스,2275.15,29.14
강명준입니다,1937.87,26.03
안녕뚱뚱,2248.28,5.53
우리집고양이츄르를좋아해,2037.84,28.47
노인공경해줘요,2020.08,27.48
트림,1909.7,25.62
알블레이드,2161.82,28.02
강한이지산,2146.9,25.27
멘해머,2095.45,29.04
샤솜이,2187.03,6.6
사슴반퍼펙트스윙,2190.28,29.81
울형이빡숙이야,2302.04,29.66
이겜어떻게해요,2206.4,30.59
Y망치,2034.7,24.44
디팩트스윙,1982.91,28.05
빼앗겠떡,1901.51,20.35
아몬드그레놀라,2243.47,28.45
작출,2278.04,31.9
놀부심보,2249.63,24.69
킥킥킥,2131.95,29.8
스틸망치,2152.38,29.67
자인푸,2084.01,23.94
망치사량,2179.83,30.96
빨초,1944.96,23.13
모콩디붕,2270.86,29.97
